Sample in Buffer,Sample in Window,TRIGGER,design_1_i/axi_vdma_0_M_AXI_S2MM_AWADDR[31:0],design_1_i/axi_vdma_0_M_AXI_S2MM_AWBURST[0:0],design_1_i/axi_vdma_0_M_AXI_S2MM_AWLEN[7:0],design_1_i/axi_vdma_0_M_AXI_S2MM_BRESP[1:0],design_1_i/axi_vdma_0_M_AXI_S2MM_WDATA[63:0],design_1_i/v_tpg_0_m_axis_video_TDATA[47:0],design_1_i/axi_vdma_0_M_AXI_S2MM_WSTRB[7:0],design_1_i/axi_intc_0_irq,design_1_i/axi_vdma_0_M_AXI_S2MM_AWREADY,u_ila_0_axi_vdma_0_M_AXI_S2MM_AWVALID,design_1_i/axi_vdma_0_M_AXI_S2MM_BREADY,design_1_i/axi_vdma_0_M_AXI_S2MM_BVALID,design_1_i/axi_vdma_0_M_AXI_S2MM_WLAST,design_1_i/axi_vdma_0_M_AXI_S2MM_WREADY,design_1_i/axi_vdma_0_M_AXI_S2MM_WVALID,design_1_i/v_tpg_0_m_axis_video_TLAST,design_1_i/v_tpg_0_m_axis_video_TREADY
0,0,0,00828800,1,7f,0,fd5929fd582afd58,ccb200ccb100,ff,1,0,1,1,0,0,1,1,0,1
1,1,0,00828800,1,7f,0,5a28fc5a29fc5929,cbb200ccb200,ff,1,0,1,1,0,0,1,1,0,1
2,2,0,00828800,1,7f,0,28fc5b28fc5a28fc,cbb300cbb300,ff,1,0,1,1,0,0,1,1,0,1
3,3,0,00828800,1,7f,0,fc5c27fc5b27fc5b,cab400cab300,ff,1,0,1,1,0,0,1,1,0,1
4,4,0,00828800,1,7f,0,5d26fc5d26fc5c27,cab400cab400,ff,1,0,1,1,0,0,1,1,0,1
5,5,0,00828800,1,7f,0,25fb5e26fb5d26fc,c9b500c9b500,ff,1,0,1,1,0,1,1,1,0,1
6,6,0,00828800,1,7f,0,11ee8011ee8011ee,c8b600c9b600,ff,1,0,1,1,0,0,0,0,0,1
7,7,0,00828800,1,7f,0,11ee8011ee8011ee,c8b700c8b600,ff,1,0,1,1,0,0,0,1,0,1
8,8,0,00828800,1,7f,0,11ee8011ee8011ee,c7b700c7b700,ff,1,0,1,1,0,0,0,1,0,1
9,9,0,00828800,1,7f,0,11ee8011ee8011ee,c6b800c7b800,ff,1,0,1,1,0,0,0,1,0,1
10,10,0,00828800,1,7f,0,11ee8011ee8011ee,c6b900c6b800,ff,1,0,1,1,0,0,0,1,0,1
11,11,0,00828800,1,7f,0,11ee8011ee8011ee,c5b900c5b900,ff,1,0,1,1,0,0,0,1,0,1
12,12,0,00828800,1,7f,0,11ee8011ee8011ee,c4ba00c5ba00,ff,1,0,1,1,0,0,0,1,0,1
13,13,0,00828800,1,7f,0,11ee8011ee8011ee,c4bb00c4ba00,ff,1,0,1,1,0,0,0,1,0,1
14,14,0,00828800,1,7f,0,11ee8011ee8011ee,c3bb00c3bb00,ff,1,0,1,1,0,0,0,1,0,1
15,15,0,00828800,1,7f,0,11ee8011ee8011ee,c2bc00c3bc00,ff,1,0,1,1,0,0,0,1,0,1
16,16,0,00828800,1,7f,0,11ee8011ee8011ee,c2bd00c2bd00,ff,1,0,1,1,0,0,0,1,0,1
17,17,0,00828800,1,7f,0,11ee8011ee8011ee,c1be00c1bd00,ff,1,0,1,1,0,0,0,1,0,1
18,18,0,00828800,1,7f,0,11ee8011ee8011ee,c0be00c1be00,ff,1,0,1,1,0,0,0,1,0,1
19,19,0,00828800,1,7f,0,11ee8011ee8011ee,c0bf00c0bf00,ff,1,0,1,1,0,0,0,1,0,1
20,20,0,00828800,1,7f,0,11ee8011ee8011ee,bfc000bfbf00,ff,1,0,1,1,0,0,0,1,0,1
21,21,0,00828800,1,7f,0,11ee8011ee8011ee,bec000bfc000,ff,1,0,1,1,0,0,0,1,0,1
22,22,0,00828800,1,7f,0,11ee8011ee8011ee,bec100bec100,ff,1,0,1,1,1,0,0,1,0,1
23,23,0,00828800,1,7f,0,11ee8011ee8011ee,bdc200bdc100,ff,1,0,1,1,0,0,0,1,0,1
24,24,0,00828800,1,7f,0,11ee8011ee8011ee,bcc200bdc200,ff,1,0,1,1,0,0,0,1,0,1
25,25,0,00828800,1,7f,0,11ee8011ee8011ee,bbc300bcc300,ff,1,0,1,1,0,0,0,1,0,1
26,26,0,00828800,1,7f,0,11ee8011ee8011ee,bbc400bbc300,ff,1,0,1,1,0,0,0,1,0,1
27,27,0,00828800,1,7f,0,11ee8011ee8011ee,bac400bac400,ff,1,0,1,1,0,0,0,1,0,1
28,28,0,00828800,1,7f,0,11ee8011ee8011ee,b9c500bac500,ff,1,0,1,1,0,0,0,1,0,1
29,29,0,00828800,1,7f,0,11ee8011ee8011ee,b9c600b9c500,ff,1,0,1,1,0,0,0,1,0,1
30,30,0,00828800,1,7f,0,11ee8011ee8011ee,b8c600b8c600,ff,1,0,1,1,0,0,0,1,0,1
31,31,0,00828800,1,7f,0,11ee8011ee8011ee,b7c700b8c700,ff,1,0,1,1,0,0,0,1,0,1
32,32,0,00828800,1,7f,0,11ee8011ee8011ee,b7c800b7c700,ff,1,0,1,1,0,0,0,1,0,1
33,33,0,00828800,1,7f,0,11ee8011ee8011ee,b6c800b6c800,ff,1,0,1,1,0,0,0,1,0,1
34,34,0,00828800,1,7f,0,11ee8011ee8011ee,b5c900b6c900,ff,1,0,1,1,0,0,0,1,0,1
35,35,0,00828800,1,7f,0,11ee8011ee8011ee,b4ca00b5c900,ff,1,0,1,1,0,0,0,1,0,1
36,36,0,00828800,1,7f,0,11ee8011ee8011ee,b4ca00b4ca00,ff,1,0,1,1,0,0,0,1,0,1
37,37,0,00828800,1,7f,0,11ee8011ee8011ee,b3cb00b3ca00,ff,1,0,1,1,0,0,0,1,0,1
38,38,0,00828800,1,7f,0,11ee8011ee8011ee,b2cb00b3cb00,ff,1,0,1,1,0,0,0,1,0,1
39,39,0,00828800,1,7f,0,11ee8011ee8011ee,b2cc00b2cc00,ff,1,0,1,1,0,0,0,1,0,1
40,40,0,00828800,1,7f,0,11ee8011ee8011ee,b1cd01b1cc00,ff,1,0,1,1,0,0,0,1,0,1
41,41,0,00828800,1,7f,0,11ee8011ee8011ee,b0cd01b0cd01,ff,1,0,1,1,0,0,0,1,0,1
42,42,0,00828800,1,7f,0,11ee8011ee8011ee,afce01b0ce01,ff,1,0,1,1,0,0,0,1,0,1
43,43,0,00828800,1,7f,0,11ee8011ee8011ee,afcf01afce01,ff,1,0,1,1,0,0,0,1,0,1
44,44,0,00828800,1,7f,0,11ee8011ee8011ee,aecf01aecf01,ff,1,0,1,1,0,0,0,1,0,1
45,45,0,00828800,1,7f,0,11ee8011ee8011ee,add001aecf01,ff,1,0,1,1,0,0,0,1,0,1
46,46,0,00828800,1,7f,0,11ee8011ee8011ee,acd001add001,ff,1,0,1,1,0,0,0,1,0,1
47,47,0,00828800,1,7f,0,11ee8011ee8011ee,acd101acd101,ff,1,0,1,1,0,0,0,1,0,1
48,48,0,00828800,1,7f,0,11ee8011ee8011ee,abd201abd101,ff,1,0,1,1,0,0,0,1,0,0
49,49,0,00828800,1,7f,0,11ee8011ee8011ee,abd201abd101,ff,1,0,1,1,0,0,0,1,0,0
50,50,0,00828800,1,7f,0,11ee8011ee8011ee,abd201abd101,ff,1,0,1,1,0,0,0,1,0,0
51,51,0,00828800,1,7f,0,11ee8011ee8011ee,abd201abd101,ff,1,0,1,1,0,0,0,1,0,0
52,52,0,00828800,1,7f,0,11ee8011ee8011ee,abd201abd101,ff,1,0,1,1,0,0,0,1,0,0
53,53,0,00828800,1,7f,0,11ee8011ee8011ee,abd201abd101,ff,1,0,1,1,0,0,0,1,0,0
54,54,0,00828800,1,7f,0,11ee8011ee8011ee,abd201abd101,ff,1,0,1,1,0,0,0,1,0,0
55,55,0,00828800,1,7f,0,11ee8011ee8011ee,abd201abd101,ff,1,0,1,1,0,0,0,1,0,0
56,56,0,00828800,1,7f,0,11ee8011ee8011ee,abd201abd101,ff,1,0,1,1,0,0,0,1,0,0
57,57,0,00828800,1,7f,0,11ee8011ee8011ee,abd201abd101,ff,1,0,1,1,0,0,0,1,0,0
58,58,0,00828800,1,7f,0,11ee8011ee8011ee,abd201abd101,ff,1,0,1,1,0,0,0,1,0,0
59,59,0,00828800,1,7f,0,11ee8011ee8011ee,abd201abd101,ff,1,0,1,1,0,0,0,1,0,0
60,60,0,00828800,1,7f,0,11ee8011ee8011ee,abd201abd101,ff,1,0,1,1,0,0,0,1,0,0
61,61,0,00828800,1,7f,0,11ee8011ee8011ee,abd201abd101,ff,1,0,1,1,0,0,0,1,0,0
62,62,0,00828800,1,7f,0,11ee8011ee8011ee,abd201abd101,ff,1,0,1,1,0,0,0,1,0,0
63,63,0,00828800,1,7f,0,11ee8011ee8011ee,abd201abd101,ff,1,0,1,1,0,0,0,1,0,0
64,64,0,00828800,1,7f,0,11ee8011ee8011ee,abd201abd101,ff,1,0,1,1,0,0,0,1,0,0
65,65,0,00828800,1,7f,0,11ee8011ee8011ee,abd201abd101,ff,1,0,1,1,0,0,0,1,0,0
66,66,0,00828800,1,7f,0,11ee8011ee8011ee,abd201abd101,ff,1,0,1,1,0,0,0,1,0,0
67,67,0,00828800,1,7f,0,11ee8011ee8011ee,abd201abd101,ff,1,0,1,1,0,0,0,1,0,0
68,68,0,00828800,1,7f,0,11ee8011ee8011ee,abd201abd101,ff,1,0,1,1,0,0,0,1,0,0
69,69,0,00828800,1,7f,0,11ee8011ee8011ee,abd201abd101,ff,1,0,1,1,0,0,0,1,0,0
70,70,0,00828800,1,7f,0,11ee8011ee8011ee,abd201abd101,ff,1,0,1,1,0,0,0,1,0,0
71,71,0,00828800,1,7f,0,11ee8011ee8011ee,abd201abd101,ff,1,0,1,1,0,0,0,1,0,0
72,72,0,00828800,1,7f,0,11ee8011ee8011ee,abd201abd101,ff,1,0,1,1,0,0,0,1,0,0
73,73,0,00828800,1,7f,0,11ee8011ee8011ee,abd201abd101,ff,1,0,1,1,0,0,0,1,0,0
74,74,0,00828800,1,7f,0,11ee8011ee8011ee,abd201abd101,ff,1,0,1,1,0,0,0,1,0,0
75,75,0,00828800,1,7f,0,11ee8011ee8011ee,abd201abd101,ff,1,0,1,1,0,0,0,1,0,0
76,76,0,00828800,1,7f,0,11ee8011ee8011ee,abd201abd101,ff,1,0,1,1,0,0,0,1,0,0
77,77,0,00828800,1,7f,0,11ee8011ee8011ee,abd201abd101,ff,1,0,1,1,0,0,0,1,0,0
78,78,0,00828800,1,7f,0,11ee8011ee8011ee,abd201abd101,ff,1,0,1,1,0,0,0,1,0,0
79,79,0,00828800,1,7f,0,11ee8011ee8011ee,abd201abd101,ff,1,0,1,1,0,0,0,1,0,0
80,80,0,00828800,1,7f,0,11ee8011ee8011ee,abd201abd101,ff,1,0,1,1,0,0,0,1,0,0
81,81,0,00828800,1,7f,0,11ee8011ee8011ee,abd201abd101,ff,1,0,1,1,0,0,0,1,0,0
82,82,0,00828800,1,7f,0,11ee8011ee8011ee,abd201abd101,ff,1,0,1,1,0,0,0,1,0,0
83,83,0,00828800,1,7f,0,11ee8011ee8011ee,abd201abd101,ff,1,0,1,1,0,0,0,1,0,0
84,84,0,00828800,1,7f,0,11ee8011ee8011ee,abd201abd101,ff,1,0,1,1,0,0,0,1,0,0
85,85,0,00828800,1,7f,0,11ee8011ee8011ee,abd201abd101,ff,1,0,1,1,0,0,0,1,0,0
86,86,0,00828800,1,7f,0,11ee8011ee8011ee,abd201abd101,ff,1,0,1,1,0,0,0,1,0,0
87,87,0,00828800,1,7f,0,11ee8011ee8011ee,abd201abd101,ff,1,0,1,1,0,0,0,1,0,0
88,88,0,00828800,1,7f,0,11ee8011ee8011ee,abd201abd101,ff,1,0,1,1,0,0,0,1,0,0
89,89,0,00828800,1,7f,0,11ee8011ee8011ee,abd201abd101,ff,1,0,1,1,0,0,0,1,0,0
90,90,0,00828800,1,7f,0,11ee8011ee8011ee,abd201abd101,ff,1,0,1,1,0,0,0,1,0,0
91,91,0,00828800,1,7f,0,11ee8011ee8011ee,abd201abd101,ff,1,0,1,1,0,0,0,1,0,0
92,92,0,00828800,1,7f,0,11ee8011ee8011ee,abd201abd101,ff,1,0,1,1,0,0,0,1,0,0
93,93,0,00828800,1,7f,0,11ee8011ee8011ee,abd201abd101,ff,1,0,1,1,0,0,0,1,0,0
94,94,0,00828800,1,7f,0,11ee8011ee8011ee,abd201abd101,ff,1,0,1,1,0,0,0,1,0,0
95,95,0,00828800,1,7f,0,11ee8011ee8011ee,abd201abd101,ff,1,0,1,1,0,0,0,1,0,0
96,96,0,00828800,1,7f,0,11ee8011ee8011ee,abd201abd101,ff,1,0,1,1,0,0,0,1,0,0
97,97,0,00828800,1,7f,0,11ee8011ee8011ee,abd201abd101,ff,1,0,1,1,0,0,0,1,0,0
98,98,0,00828800,1,7f,0,11ee8011ee8011ee,abd201abd101,ff,1,0,1,1,0,0,0,1,0,0
99,99,0,00828800,1,7f,0,11ee8011ee8011ee,abd201abd101,ff,1,0,1,1,0,0,0,1,0,0
100,100,0,00828800,1,7f,0,11ee8011ee8011ee,abd201abd101,ff,1,0,1,1,0,0,0,1,0,0
101,101,0,00828800,1,7f,0,11ee8011ee8011ee,abd201abd101,ff,1,0,1,1,0,0,0,1,0,0
102,102,0,00828800,1,7f,0,11ee8011ee8011ee,abd201abd101,ff,1,0,1,1,0,0,0,1,0,0
103,103,0,00828800,1,7f,0,11ee8011ee8011ee,abd201abd101,ff,1,0,1,1,0,0,0,1,0,0
104,104,0,00828800,1,7f,0,11ee8011ee8011ee,abd201abd101,ff,1,0,1,1,0,0,0,1,0,0
105,105,0,00828800,1,7f,0,11ee8011ee8011ee,abd201abd101,ff,1,0,1,1,0,0,0,1,0,0
106,106,0,00828800,1,7f,0,11ee8011ee8011ee,abd201abd101,ff,1,0,1,1,0,0,0,1,0,0
107,107,0,00828800,1,7f,0,11ee8011ee8011ee,abd201abd101,ff,1,0,1,1,0,0,0,1,0,0
108,108,0,00828800,1,7f,0,11ee8011ee8011ee,abd201abd101,ff,1,0,1,1,0,0,0,1,0,0
109,109,0,00828800,1,7f,0,11ee8011ee8011ee,abd201abd101,ff,1,0,1,1,0,0,0,1,0,0
110,110,0,00828800,1,7f,0,11ee8011ee8011ee,abd201abd101,ff,1,0,1,1,0,0,0,1,0,0
111,111,0,00828800,1,7f,0,11ee8011ee8011ee,abd201abd101,ff,1,0,1,1,0,0,0,1,0,0
112,112,0,00828800,1,7f,0,11ee8011ee8011ee,abd201abd101,ff,1,0,1,1,0,0,0,1,0,0
113,113,0,00828800,1,7f,0,11ee8011ee8011ee,abd201abd101,ff,1,0,1,1,0,0,0,1,0,0
114,114,0,00828800,1,7f,0,11ee8011ee8011ee,abd201abd101,ff,1,0,1,1,0,0,0,1,0,0
115,115,0,00828800,1,7f,0,11ee8011ee8011ee,abd201abd101,ff,1,0,1,1,0,0,0,1,0,0
116,116,0,00828800,1,7f,0,11ee8011ee8011ee,abd201abd101,ff,1,0,1,1,0,0,0,1,0,0
117,117,0,00828800,1,7f,0,11ee8011ee8011ee,abd201abd101,ff,1,0,1,1,0,0,0,1,0,0
118,118,0,00828800,1,7f,0,11ee8011ee8011ee,abd201abd101,ff,1,0,1,1,0,0,0,1,0,0
119,119,0,00828800,1,7f,0,11ee8011ee8011ee,abd201abd101,ff,1,0,1,1,0,0,0,1,0,0
120,120,0,00828800,1,7f,0,11ee8011ee8011ee,abd201abd101,ff,1,0,1,1,0,0,0,1,0,0
121,121,0,00828800,1,7f,0,11ee8011ee8011ee,abd201abd101,ff,1,0,1,1,0,0,0,1,0,0
122,122,0,00828800,1,7f,0,11ee8011ee8011ee,abd201abd101,ff,1,0,1,1,0,0,0,1,0,0
123,123,0,00828800,1,7f,0,11ee8011ee8011ee,abd201abd101,ff,1,0,1,1,0,0,0,1,0,0
124,124,0,00828800,1,7f,0,11ee8011ee8011ee,abd201abd101,ff,1,0,1,1,0,0,0,1,0,0
125,125,0,00828800,1,7f,0,11ee8011ee8011ee,abd201abd101,ff,1,0,1,1,0,0,0,1,0,0
126,126,0,00828800,1,7f,0,11ee8011ee8011ee,abd201abd101,ff,1,0,1,1,0,0,0,1,0,0
127,127,0,00828800,1,7f,0,11ee8011ee8011ee,abd201abd101,ff,1,0,1,1,0,0,0,1,0,0
128,128,0,00828800,1,7f,0,11ee8011ee8011ee,abd201abd101,ff,1,0,1,1,0,0,0,1,0,0
129,129,0,00828800,1,7f,0,11ee8011ee8011ee,abd201abd101,ff,1,0,1,1,0,0,0,1,0,0
130,130,0,00828800,1,7f,0,11ee8011ee8011ee,abd201abd101,ff,1,0,1,1,0,0,0,1,0,0
131,131,0,00828800,1,7f,0,11ee8011ee8011ee,abd201abd101,ff,1,0,1,1,0,0,0,1,0,0
132,132,0,00828800,1,7f,0,11ee8011ee8011ee,abd201abd101,ff,1,0,1,1,0,0,0,1,0,0
133,133,0,00828800,1,7f,0,11ee8011ee8011ee,abd201abd101,ff,1,0,1,1,0,0,0,1,0,0
134,134,0,00828800,1,7f,0,11ee8011ee8011ee,abd201abd101,ff,1,0,1,1,0,0,0,1,0,0
135,135,0,00828800,1,7f,0,11ee8011ee8011ee,abd201abd101,ff,1,0,1,1,0,0,0,1,0,0
136,136,0,00828800,1,7f,0,11ee8011ee8011ee,abd201abd101,ff,1,0,1,1,0,0,0,1,0,0
137,137,0,00828800,1,7f,0,11ee8011ee8011ee,abd201abd101,ff,1,0,1,1,0,0,0,1,0,0
138,138,0,00828800,1,7f,0,11ee8011ee8011ee,abd201abd101,ff,1,0,1,1,0,0,0,1,0,0
139,139,0,00828800,1,7f,0,11ee8011ee8011ee,abd201abd101,ff,1,0,1,1,0,0,0,1,0,0
140,140,0,00828800,1,7f,0,11ee8011ee8011ee,abd201abd101,ff,1,0,1,1,0,0,1,1,0,0
141,141,0,00828800,1,7f,0,ed8110ee8110ee80,abd201abd101,ff,1,0,1,1,0,0,1,1,0,0
142,142,0,00828800,1,7f,0,8210ed8210ed8110,abd201abd101,ff,1,0,1,1,0,0,1,1,0,0
143,143,0,00828800,1,7f,0,0fec830fed830fed,abd201abd101,ff,1,0,1,1,0,0,1,1,0,0
144,144,0,00828800,1,7f,0,ec840fec840fec83,abd201abd101,ff,1,0,1,1,0,0,1,1,0,0
145,145,0,00828800,1,7f,0,850eeb850eec850e,abd201abd101,ff,1,0,1,1,0,0,1,1,0,0
146,146,0,00828800,1,7f,0,0eeb860eeb860eeb,abd201abd101,ff,1,0,1,1,0,0,1,1,0,0
147,147,0,00828800,1,7f,0,ea870dea870deb87,abd201abd101,ff,1,0,1,1,0,0,1,1,0,0
148,148,0,00828800,1,7f,0,890dea880dea880d,abd201abd101,ff,1,1,1,1,0,0,1,1,0,0
149,149,0,00000000,0,00,0,0ce9890ce9890ce9,abd201abd101,ff,1,0,0,1,0,0,1,1,0,0
150,150,0,00828c00,1,7f,0,e88a0ce98a0ce98a,abd201abd101,ff,1,0,1,1,0,0,1,1,0,1
151,151,0,00828c00,1,7f,0,8c0be88b0be88b0c,aad202abd202,ff,1,0,1,1,0,0,1,1,0,1
152,152,0,00828c00,1,7f,0,0be78c0be78c0be8,aad302aad302,ff,1,0,1,1,0,0,1,1,0,1
153,153,0,00828c00,1,7f,0,e78e0ae78d0be78d,a9d302a9d302,ff,1,0,1,1,0,0,1,1,0,1
154,154,0,00828c00,1,7f,0,8f0ae68e0ae68e0a,a8d402a8d402,ff,1,0,1,1,0,0,1,1,0,1
155,155,0,00828c00,1,7f,0,0ae5900ae68f0ae6,a7d502a8d402,ff,1,0,1,1,0,0,1,1,0,1
156,156,0,00828c00,1,7f,0,e59109e59009e590,a7d502a7d502,ff,1,0,1,1,0,0,1,1,0,1
157,157,0,00828c00,1,7f,0,9209e49209e49109,a6d603a6d502,ff,1,0,1,1,0,0,1,1,0,1
158,158,0,00828c00,1,7f,0,08e39309e49209e4,a5d603a5d603,ff,1,0,1,1,0,0,1,1,0,1
159,159,0,00828c00,1,7f,0,e39408e39308e393,a4d703a5d703,ff,1,0,1,1,0,0,1,1,0,1
160,160,0,00828c00,1,7f,0,9508e29508e29408,a4d703a4d703,ff,1,0,1,1,0,0,1,1,0,1
161,161,0,00828c00,1,7f,0,07e19607e29508e2,a3d803a3d803,ff,1,0,1,1,0,0,1,1,0,1
162,162,0,00828c00,1,7f,0,e19707e19707e196,a2d903a2d803,ff,1,0,1,1,0,0,1,1,0,1
163,163,0,00828c00,1,7f,0,9807e09807e09707,a1d904a2d904,ff,1,0,1,1,0,0,1,1,0,1
164,164,0,00828c00,1,7f,0,06df9906e09806e0,a1da04a1d904,ff,1,0,1,1,0,0,1,1,0,1
165,165,0,00828c00,1,7f,0,df9a06df9a06df99,a0da04a0da04,ff,1,0,1,1,0,0,1,1,0,1
166,166,0,00828c00,1,7f,0,9b06de9b06de9a06,9fdb049fdb04,ff,1,0,1,1,0,0,1,1,0,1
167,167,0,00828c00,1,7f,0,05dd9c05de9c05de,9edb049fdb04,ff,1,0,1,1,0,0,1,1,0,1
168,168,0,00828c00,1,7f,0,dc9d05dd9d05dd9c,9ddc059edc05,ff,1,0,1,1,0,0,1,1,0,1
169,169,0,00828c00,1,7f,0,9e05dc9e05dc9d05,9ddc059ddc05,ff,1,0,1,1,0,0,1,1,0,1
170,170,0,00828c00,1,7f,0,04db9f04db9f05dc,9cdd059cdd05,ff,1,0,1,1,0,0,1,1,0,1
171,171,0,00828c00,1,7f,0,daa004dba004db9f,9bde059cdd05,ff,1,0,1,1,0,0,1,1,0,1
172,172,0,00828c00,1,7f,0,a104daa104daa104,9ade069bde05,ff,1,0,1,1,0,0,1,1,0,1
173,173,0,00828c00,1,7f,0,04d9a204d9a204d9,9adf069ade06,ff,1,0,1,1,0,0,1,1,0,1
174,174,0,00828c00,1,7f,0,d8a303d8a303d9a2,99df0699df06,ff,1,0,1,1,0,0,1,1,0,1
175,175,0,00828c00,1,7f,0,a403d7a403d8a403,98e00698df06,ff,1,0,1,1,0,0,1,1,0,1
176,176,0,00828c00,1,7f,0,03d7a503d7a503d7,97e00798e006,ff,1,0,1,1,0,0,1,1,0,1
177,177,0,00828c00,1,7f,0,d6a603d6a603d6a5,97e10797e007,ff,1,0,1,1,0,0,1,1,0,1
178,178,0,00828c00,1,7f,0,a702d5a702d5a703,96e10796e107,ff,1,0,1,1,0,0,1,1,0,1
179,179,0,00828c00,1,7f,0,02d4a802d5a802d5,95e20795e107,ff,1,0,1,1,0,0,1,1,0,1
180,180,0,00828c00,1,7f,0,d3a902d4a902d4a8,94e20895e208,ff,1,0,1,1,0,0,1,1,0,1
181,181,0,00828c00,1,7f,0,aa02d3aa02d3aa02,93e30894e208,ff,1,0,1,1,0,0,1,1,0,1
182,182,0,00828c00,1,7f,0,02d2ab02d2ab02d3,93e30893e308,ff,1,0,1,1,0,0,1,1,0,1
183,183,0,00828c00,1,7f,0,d1ac01d1ac01d2ab,92e40992e308,ff,1,0,1,1,0,0,1,1,0,1
184,184,0,00828c00,1,7f,0,ad01d0ad01d1ac01,91e40992e409,ff,1,0,1,1,0,0,1,1,0,1
185,185,0,00828c00,1,7f,0,01cfae01d0ae01d0,90e50991e409,ff,1,0,1,1,0,0,1,1,0,1
186,186,0,00828c00,1,7f,0,cfaf01cfaf01cfae,90e50990e509,ff,1,0,1,1,0,0,1,1,0,1
187,187,0,00828c00,1,7f,0,b001ceb001ceaf01,8fe60a8fe50a,ff,1,0,1,1,0,0,1,1,0,1
188,188,0,00828c00,1,7f,0,01cdb101cdb001ce,8ee60a8ee60a,ff,1,0,1,1,0,0,1,1,0,1
189,189,0,00828c00,1,7f,0,ccb200ccb201cdb1,8de70a8ee60a,ff,1,0,1,1,0,0,1,1,0,1
190,190,0,00828c00,1,7f,0,b300cbb300ccb200,8ce70b8de70a,ff,1,0,1,1,0,0,1,1,0,1
191,191,0,00828c00,1,7f,0,00cab400cbb300cb,8ce70b8ce70b,ff,1,0,1,1,0,0,1,1,0,1
192,192,0,00828c00,1,7f,0,cab500cab400cab4,8be80b8be80b,ff,1,0,1,1,0,0,1,1,0,1
193,193,0,00828c00,1,7f,0,b600c9b600c9b500,8ae80c8ae80b,ff,1,0,1,1,0,0,1,1,0,1
194,194,0,00828c00,1,7f,0,00c8b700c8b600c9,89e90c8ae90c,ff,1,0,1,1,0,0,1,1,0,1
195,195,0,00828c00,1,7f,0,c7b800c7b700c8b7,89e90c89e90c,ff,1,0,1,1,0,0,1,1,0,1
196,196,0,00828c00,1,7f,0,b900c6b800c7b800,88ea0d88e90c,ff,1,0,1,1,0,0,1,1,0,1
197,197,0,00828c00,1,7f,0,00c5b900c6b900c6,87ea0d87ea0d,ff,1,0,1,1,0,0,1,1,0,1
198,198,0,00828c00,1,7f,0,c4ba00c5ba00c5ba,86eb0d87ea0d,ff,1,0,1,1,0,0,1,1,0,1
199,199,0,00828c00,1,7f,0,bb00c4bb00c4bb00,85eb0e86eb0e,ff,1,0,1,1,0,0,1,1,0,1
200,200,0,00828c00,1,7f,0,00c3bc00c3bc00c3,85eb0e85eb0e,ff,1,0,1,1,0,0,1,1,0,1
201,201,0,00828c00,1,7f,0,c2bd00c2bd00c2bd,84ec0e84ec0e,ff,1,0,1,1,0,0,1,1,0,1
202,202,0,00828c00,1,7f,0,be00c1be00c1be00,83ec0f83ec0f,ff,1,0,1,1,0,0,1,1,0,1
203,203,0,00828c00,1,7f,0,00c0bf00c0bf00c1,82ed0f83ec0f,ff,1,0,1,1,0,0,1,1,0,1
204,204,0,00828c00,1,7f,0,bfc000bfc000c0bf,81ed1082ed0f,ff,1,0,1,1,0,0,1,1,0,1
205,205,0,00828c00,1,7f,0,c100bec100bfc000,81ed1081ed10,ff,1,0,1,1,0,0,1,1,0,1
206,206,0,00828c00,1,7f,0,00bdc200bec100be,80ee1080ee10,ff,1,0,1,1,0,0,1,1,0,1
207,207,0,00828c00,1,7f,0,bcc300bdc200bdc2,7fee1180ee11,ff,1,0,1,1,0,0,1,1,0,1
208,208,0,00828c00,1,7f,0,c400bbc300bcc300,7eef117fee11,ff,1,0,1,1,0,0,1,1,0,1
209,209,0,00828c00,1,7f,0,00bac400bbc400bb,7eef127eef11,ff,1,0,1,1,0,0,1,1,0,1
210,210,0,00828c00,1,7f,0,b9c500bac500bac5,7def127def12,ff,1,0,1,1,0,0,1,1,0,1
211,211,0,00828c00,1,7f,0,c600b9c600b9c600,7cf0127cf012,ff,1,0,1,1,0,0,1,1,0,1
212,212,0,00828c00,1,7f,0,00b8c700b8c700b8,7bf0137cf013,ff,1,0,1,1,0,0,1,1,0,1
213,213,0,00828c00,1,7f,0,b7c800b7c800b7c7,7af1137bf013,ff,1,0,1,1,0,0,1,1,0,1
214,214,0,00828c00,1,7f,0,c900b6c900b6c800,7af1147af113,ff,1,0,1,1,0,0,1,1,0,1
215,215,0,00828c00,1,7f,0,00b5ca00b5c900b6,79f11479f114,ff,1,0,1,1,0,0,1,1,0,1
216,216,0,00828c00,1,7f,0,b4ca00b4ca00b4ca,78f21478f114,ff,1,0,1,1,0,0,1,1,0,1
217,217,0,00828c00,1,7f,0,cb00b3cb00b3cb00,77f21578f215,ff,1,0,1,1,0,0,1,1,0,1
218,218,0,00828c00,1,7f,0,00b2cc00b2cc00b3,76f21577f215,ff,1,0,1,1,0,0,1,1,0,1
219,219,0,00828c00,1,7f,0,b1cd00b1cd00b2cc,76f31676f316,ff,1,0,1,1,0,0,1,1,0,1
220,220,0,00828c00,1,7f,0,ce01b0ce01b0cd01,75f31675f316,ff,1,0,1,1,0,0,1,1,0,1
221,221,0,00828c00,1,7f,0,01afcf01afce01b0,74f31775f316,ff,1,0,1,1,0,0,1,1,0,1
222,222,0,00828c00,1,7f,0,aecf01aecf01afcf,73f41774f417,ff,1,0,1,1,0,0,1,1,0,1
223,223,0,00828c00,1,7f,0,d001add001aed001,73f41873f417,ff,1,0,1,1,0,0,1,1,0,1
224,224,0,00828c00,1,7f,0,01acd101acd101ad,72f41872f418,ff,1,0,1,1,0,0,1,1,0,1
225,225,0,00828c00,1,7f,0,abd201abd201acd1,71f51871f518,ff,1,0,1,1,0,0,1,1,0,1
226,226,0,00828c00,1,7f,0,d302aad302abd201,70f51971f519,ff,1,0,1,1,0,0,1,1,0,1
227,227,0,00828c00,1,7f,0,02a9d302aad302aa,6ff51970f519,ff,1,0,1,1,0,0,1,1,0,1
228,228,0,00828c00,1,7f,0,a8d402a8d402a9d4,6ff61a6ff51a,ff,1,0,1,1,0,0,1,1,0,1
229,229,0,00828c00,1,7f,0,d502a7d502a8d502,6ef61a6ef61a,ff,1,0,1,1,0,0,1,1,0,1
230,230,0,00828c00,1,7f,0,02a6d602a7d502a7,6df61b6df61b,ff,1,0,1,1,0,0,1,1,0,1
231,231,0,00828c00,1,7f,0,a5d703a5d603a6d6,6cf61b6df61b,ff,1,0,1,1,0,0,1,1,0,1
232,232,0,00828c00,1,7f,0,d703a4d703a5d703,6cf71c6cf71c,ff,1,0,1,1,0,0,1,1,0,1
233,233,0,00828c00,1,7f,0,03a3d803a4d803a4,6bf71c6bf71c,ff,1,0,1,1,0,0,1,1,0,1
234,234,0,00828c00,1,7f,0,a2d903a2d903a3d8,6af71d6af71d,ff,1,0,1,1,0,0,1,1,0,1
235,235,0,00828c00,1,7f,0,da04a1d904a2d903,69f81d6af71d,ff,1,0,1,1,0,0,1,1,0,1
236,236,0,00828c00,1,7f,0,04a0da04a1da04a1,68f81e69f81e,ff,1,0,1,1,0,0,1,1,0,1
237,237,0,00828c00,1,7f,0,9fdb049fdb04a0db,68f81e68f81e,ff,1,0,1,1,0,0,1,1,0,1
238,238,0,00828c00,1,7f,0,dc049edc049fdb04,67f81f67f81f,ff,1,0,1,1,0,0,1,1,0,1
239,239,0,00828c00,1,7f,0,059ddc059ddc059e,66f91f67f91f,ff,1,0,1,1,0,0,1,1,0,1
240,240,0,00828c00,1,7f,0,9cdd059cdd059ddd,65f92066f920,ff,1,0,1,1,0,0,1,1,0,1
241,241,0,00828c00,1,7f,0,de059bde059cde05,65f92065f920,ff,1,0,1,1,0,0,1,1,0,1
242,242,0,00828c00,1,7f,0,069adf069ade059b,64f92164f921,ff,1,0,1,1,0,0,1,1,0,1
243,243,0,00828c00,1,7f,0,99df0699df069adf,63fa2163fa21,ff,1,0,1,1,0,0,1,1,0,1
244,244,0,00828c00,1,7f,0,e00698e00698e006,62fa2263fa22,ff,1,0,1,1,0,0,1,1,0,1
245,245,0,00828c00,1,7f,0,0797e10797e00698,62fa2362fa22,ff,1,0,1,1,0,0,1,1,0,1
246,246,0,00828c00,1,7f,0,96e10796e10797e1,61fa2361fa23,ff,1,0,1,1,0,0,1,1,0,1
247,247,0,00828c00,1,7f,0,e20795e20795e207,60fb2460fa23,ff,1,0,1,1,0,0,1,1,0,1
248,248,0,00828c00,1,7f,0,0894e30894e20895,5ffb2460fb24,ff,1,0,1,1,0,0,1,1,0,1
249,249,0,00828c00,1,7f,0,93e30893e30893e3,5efb255ffb24,ff,1,0,1,1,0,0,1,1,0,1
250,250,0,00828c00,1,7f,0,e40992e40892e408,5efb255efb25,ff,1,0,1,1,0,0,1,1,0,1
251,251,0,00828c00,1,7f,0,0991e50991e40992,5dfb265dfb26,ff,1,0,1,1,0,0,1,1,0,1
252,252,0,00828c00,1,7f,0,90e50990e50990e5,5cfc265dfb26,ff,1,0,1,1,0,0,1,1,0,1
253,253,0,00828c00,1,7f,0,e60a8fe60a8fe609,5bfc275cfc27,ff,1,0,1,1,0,0,1,1,0,1
254,254,0,00828c00,1,7f,0,0a8ee70a8ee60a8e,5bfc285bfc27,ff,1,0,1,1,0,0,1,1,0,1
255,255,0,00828c00,1,7f,0,8ce70a8de70a8de7,5afc285afc28,ff,1,0,1,1,0,0,1,1,0,1
256,256,0,00828c00,1,7f,0,e80b8ce80b8ce70b,59fc295afc28,ff,1,0,1,1,0,0,1,1,0,1
257,257,0,00828c00,1,7f,0,0b8ae80b8be80b8b,58fc2959fc29,ff,1,0,1,1,0,0,1,1,0,1
258,258,0,00828c00,1,7f,0,89e90c8ae90c8ae9,58fd2a58fd2a,ff,1,0,1,1,0,0,1,1,0,1
259,259,0,00828c00,1,7f,0,ea0c89e90c89e90c,57fd2a57fd2a,ff,1,0,1,1,0,0,1,1,0,1
260,260,0,00828c00,1,7f,0,0d87ea0d88ea0c88,56fd2b57fd2b,ff,1,0,1,1,0,0,1,1,0,1
261,261,0,00828c00,1,7f,0,86eb0d87eb0d87ea,55fd2c56fd2b,ff,1,0,1,1,0,0,1,1,0,1
262,262,0,00828c00,1,7f,0,eb0e85eb0e86eb0d,55fd2c55fd2c,ff,1,0,1,1,0,0,1,1,0,1
263,263,0,00828c00,1,7f,0,0e84ec0e85ec0e85,54fd2d54fd2c,ff,1,0,1,1,0,0,1,1,0,1
264,264,0,00828c00,1,7f,0,83ec0f83ec0e84ec,53fe2d54fd2d,ff,1,0,1,1,0,0,1,1,0,1
265,265,0,00828c00,1,7f,0,ed0f82ed0f83ed0f,53fe2e53fe2e,ff,1,0,1,1,0,0,1,1,0,1
266,266,0,00828c00,1,7f,0,1081ed1081ed0f82,52fe2f52fe2e,ff,1,0,1,1,0,0,1,1,0,1
267,267,0,00828c00,1,7f,0,80ee1080ee1081ee,51fe2f51fe2f,ff,1,0,1,1,0,1,1,1,0,1
268,268,0,00828c00,1,7f,0,ef117fee1180ee10,50fe3051fe30,ff,1,0,1,1,0,0,0,1,0,1
269,269,0,00828c00,1,7f,0,ef117fee1180ee10,50fe3050fe30,ff,1,0,1,1,0,0,0,1,0,1
270,270,0,00828c00,1,7f,0,ef117fee1180ee10,4ffe314ffe31,ff,1,0,1,1,0,0,0,1,0,1
271,271,0,00828c00,1,7f,0,ef117fee1180ee10,4efe324ffe31,ff,1,0,1,1,0,0,0,1,0,1
272,272,0,00828c00,1,7f,0,ef117fee1180ee10,4dfe324efe32,ff,1,0,1,1,0,0,0,1,0,1
273,273,0,00828c00,1,7f,0,ef117fee1180ee10,4dff334dff33,ff,1,0,1,1,0,0,0,1,0,1
274,274,0,00828c00,1,7f,0,ef117fee1180ee10,4cff344cff33,ff,1,0,1,1,0,0,0,1,0,1
275,275,0,00828c00,1,7f,0,ef117fee1180ee10,4bff344cff34,ff,1,0,1,1,0,0,0,1,0,1
276,276,0,00828c00,1,7f,0,ef117fee1180ee10,4bff354bff35,ff,1,0,1,1,0,0,0,1,0,1
277,277,0,00828c00,1,7f,0,ef117fee1180ee10,4aff354aff35,ff,1,0,1,1,0,0,0,1,0,1
278,278,0,00828c00,1,7f,0,ef117fee1180ee10,49ff3649ff36,ff,1,0,1,1,0,0,0,1,0,1
279,279,0,00828c00,1,7f,0,ef117fee1180ee10,48ff3749ff36,ff,1,0,1,1,0,0,0,1,0,1
280,280,0,00828c00,1,7f,0,ef117fee1180ee10,48ff3748ff37,ff,1,0,1,1,0,0,0,1,0,1
281,281,0,00828c00,1,7f,0,ef117fee1180ee10,47ff3847ff38,ff,1,0,1,1,0,0,0,1,0,1
282,282,0,00828c00,1,7f,0,ef117fee1180ee10,46ff3947ff38,ff,1,0,1,1,0,0,0,1,0,1
283,283,0,00828c00,1,7f,0,ef117fee1180ee10,46ff3946ff39,ff,1,0,1,1,0,0,0,1,0,1
284,284,0,00828c00,1,7f,0,ef117fee1180ee10,45ff3a45ff3a,ff,1,0,1,1,1,0,0,1,0,1
285,285,0,00828c00,1,7f,0,ef117fee1180ee10,44ff3b45ff3a,ff,1,0,1,1,0,0,0,1,0,1
286,286,0,00828c00,1,7f,0,ef117fee1180ee10,44ff3b44ff3b,ff,1,0,1,1,0,0,0,1,0,1
287,287,0,00828c00,1,7f,0,ef117fee1180ee10,43ff3c43ff3c,ff,1,0,1,1,0,0,0,1,0,1
288,288,0,00828c00,1,7f,0,ef117fee1180ee10,42ff3d42ff3c,ff,1,0,1,1,0,0,0,1,0,1
289,289,0,00828c00,1,7f,0,ef117fee1180ee10,41ff3d42ff3d,ff,1,0,1,1,0,0,0,1,0,1
290,290,0,00828c00,1,7f,0,ef117fee1180ee10,41ff3e41ff3e,ff,1,0,1,1,0,0,0,1,0,1
291,291,0,00828c00,1,7f,0,ef117fee1180ee10,40ff3f40ff3e,ff,1,0,1,1,0,0,0,1,0,1
292,292,0,00828c00,1,7f,0,ef117fee1180ee10,3fff3f40ff3f,ff,1,0,1,1,0,0,0,1,0,1
293,293,0,00828c00,1,7f,0,ef117fee1180ee10,3fff403fff40,ff,1,0,1,1,0,0,0,1,0,1
294,294,0,00828c00,1,7f,0,ef117fee1180ee10,3eff413eff40,ff,1,0,1,1,0,0,0,1,0,1
295,295,0,00828c00,1,7f,0,ef117fee1180ee10,3dff413eff41,ff,1,0,1,1,0,0,0,1,0,1
296,296,0,00828c00,1,7f,0,ef117fee1180ee10,3dff423dff42,ff,1,0,1,1,0,0,0,1,0,1
297,297,0,00828c00,1,7f,0,ef117fee1180ee10,3cff433cff42,ff,1,0,1,1,0,0,0,1,0,1
298,298,0,00828c00,1,7f,0,ef117fee1180ee10,3bff443cff43,ff,1,0,1,1,0,0,0,1,0,1
299,299,0,00828c00,1,7f,0,ef117fee1180ee10,3bff443bff44,ff,1,0,1,1,0,0,0,1,0,1
300,300,0,00828c00,1,7f,0,ef117fee1180ee10,3aff453aff45,ff,1,0,1,1,0,0,0,1,0,1
301,301,0,00828c00,1,7f,0,ef117fee1180ee10,39ff463aff45,ff,1,0,1,1,0,0,0,1,0,1
302,302,0,00828c00,1,7f,0,ef117fee1180ee10,39ff4639ff46,ff,1,0,1,1,0,0,0,1,0,1
303,303,0,00828c00,1,7f,0,ef117fee1180ee10,38ff4738ff47,ff,1,0,1,1,0,0,0,1,0,1
304,304,0,00828c00,1,7f,0,ef117fee1180ee10,37ff4838ff47,ff,1,0,1,1,0,0,0,1,0,1
305,305,0,00828c00,1,7f,0,ef117fee1180ee10,37ff4837ff48,ff,1,0,1,1,0,0,0,1,0,1
306,306,0,00828c00,1,7f,0,ef117fee1180ee10,36ff4936ff49,ff,1,0,1,1,0,0,0,1,0,1
307,307,0,00828c00,1,7f,0,ef117fee1180ee10,35ff4a36ff49,ff,1,0,1,1,0,0,0,1,0,1
308,308,0,00828c00,1,7f,0,ef117fee1180ee10,35ff4b35ff4a,ff,1,0,1,1,0,0,0,1,0,1
309,309,0,00828c00,1,7f,0,ef117fee1180ee10,34ff4b35ff4b,ff,1,0,1,1,0,0,0,1,0,1
310,310,0,00828c00,1,7f,0,ef117fee1180ee10,34ff4c34ff4c,ff,1,0,1,1,0,0,0,1,0,1
311,311,0,00828c00,1,7f,0,ef117fee1180ee10,33ff4d33ff4c,ff,1,0,1,1,0,0,0,1,0,1
312,312,0,00828c00,1,7f,0,ef117fee1180ee10,32ff4d33ff4d,ff,1,0,1,1,0,0,0,1,0,1
313,313,0,00828c00,1,7f,0,ef117fee1180ee10,32fe4e32ff4e,ff,1,0,1,1,0,0,0,1,0,1
314,314,0,00828c00,1,7f,0,ef117fee1180ee10,31fe4f31fe4f,ff,1,0,1,1,0,0,0,1,0,1
315,315,0,00828c00,1,7f,0,ef117fee1180ee10,30fe5031fe4f,ff,1,0,1,1,0,0,0,1,0,1
316,316,0,00828c00,1,7f,0,ef117fee1180ee10,30fe5030fe50,ff,1,0,1,1,0,0,0,1,0,1
317,317,0,00828c00,1,7f,0,ef117fee1180ee10,2ffe5130fe51,ff,1,0,1,1,0,0,0,1,0,1
318,318,0,00828c00,1,7f,0,ef117fee1180ee10,2ffe522ffe51,ff,1,0,1,1,0,0,0,1,0,0
319,319,0,00828c00,1,7f,0,ef117fee1180ee10,2ffe522ffe51,ff,1,0,1,1,0,0,0,1,0,0
320,320,0,00828c00,1,7f,0,ef117fee1180ee10,2ffe522ffe51,ff,1,0,1,1,0,0,0,1,0,0
321,321,0,00828c00,1,7f,0,ef117fee1180ee10,2ffe522ffe51,ff,1,0,1,1,0,0,0,1,0,0
322,322,0,00828c00,1,7f,0,ef117fee1180ee10,2ffe522ffe51,ff,1,0,1,1,0,0,0,1,0,0
323,323,0,00828c00,1,7f,0,ef117fee1180ee10,2ffe522ffe51,ff,1,0,1,1,0,0,0,1,0,0
324,324,0,00828c00,1,7f,0,ef117fee1180ee10,2ffe522ffe51,ff,1,0,1,1,0,0,0,1,0,0
325,325,0,00828c00,1,7f,0,ef117fee1180ee10,2ffe522ffe51,ff,1,0,1,1,0,0,0,1,0,0
326,326,0,00828c00,1,7f,0,ef117fee1180ee10,2ffe522ffe51,ff,1,0,1,1,0,0,0,1,0,0
327,327,0,00828c00,1,7f,0,ef117fee1180ee10,2ffe522ffe51,ff,1,0,1,1,0,0,0,1,0,0
328,328,0,00828c00,1,7f,0,ef117fee1180ee10,2ffe522ffe51,ff,1,0,1,1,0,0,0,1,0,0
329,329,0,00828c00,1,7f,0,ef117fee1180ee10,2ffe522ffe51,ff,1,0,1,1,0,0,0,1,0,0
330,330,0,00828c00,1,7f,0,ef117fee1180ee10,2ffe522ffe51,ff,1,0,1,1,0,0,0,1,0,0
331,331,0,00828c00,1,7f,0,ef117fee1180ee10,2ffe522ffe51,ff,1,0,1,1,0,0,0,1,0,0
332,332,0,00828c00,1,7f,0,ef117fee1180ee10,2ffe522ffe51,ff,1,0,1,1,0,0,0,1,0,0
333,333,0,00828c00,1,7f,0,ef117fee1180ee10,2ffe522ffe51,ff,1,0,1,1,0,0,0,1,0,0
334,334,0,00828c00,1,7f,0,ef117fee1180ee10,2ffe522ffe51,ff,1,0,1,1,0,0,0,1,0,0
335,335,0,00828c00,1,7f,0,ef117fee1180ee10,2ffe522ffe51,ff,1,0,1,1,0,0,0,1,0,0
336,336,0,00828c00,1,7f,0,ef117fee1180ee10,2ffe522ffe51,ff,1,0,1,1,0,0,0,1,0,0
337,337,0,00828c00,1,7f,0,ef117fee1180ee10,2ffe522ffe51,ff,1,0,1,1,0,0,0,1,0,0
338,338,0,00828c00,1,7f,0,ef117fee1180ee10,2ffe522ffe51,ff,1,0,1,1,0,0,0,1,0,0
339,339,0,00828c00,1,7f,0,ef117fee1180ee10,2ffe522ffe51,ff,1,0,1,1,0,0,0,1,0,0
340,340,0,00828c00,1,7f,0,ef117fee1180ee10,2ffe522ffe51,ff,1,0,1,1,0,0,0,1,0,0
341,341,0,00828c00,1,7f,0,ef117fee1180ee10,2ffe522ffe51,ff,1,0,1,1,0,0,0,1,0,0
342,342,0,00828c00,1,7f,0,ef117fee1180ee10,2ffe522ffe51,ff,1,0,1,1,0,0,0,1,0,0
343,343,0,00828c00,1,7f,0,ef117fee1180ee10,2ffe522ffe51,ff,1,0,1,1,0,0,0,1,0,0
344,344,0,00828c00,1,7f,0,ef117fee1180ee10,2ffe522ffe51,ff,1,0,1,1,0,0,0,1,0,0
345,345,0,00828c00,1,7f,0,ef117fee1180ee10,2ffe522ffe51,ff,1,0,1,1,0,0,0,1,0,0
346,346,0,00828c00,1,7f,0,ef117fee1180ee10,2ffe522ffe51,ff,1,0,1,1,0,0,0,1,0,0
347,347,0,00828c00,1,7f,0,ef117fee1180ee10,2ffe522ffe51,ff,1,0,1,1,0,0,0,1,0,0
348,348,0,00828c00,1,7f,0,ef117fee1180ee10,2ffe522ffe51,ff,1,0,1,1,0,0,0,1,0,0
349,349,0,00828c00,1,7f,0,ef117fee1180ee10,2ffe522ffe51,ff,1,0,1,1,0,0,0,1,0,0
350,350,0,00828c00,1,7f,0,ef117fee1180ee10,2ffe522ffe51,ff,1,0,1,1,0,0,0,1,0,0
351,351,0,00828c00,1,7f,0,ef117fee1180ee10,2ffe522ffe51,ff,1,0,1,1,0,0,0,1,0,0
352,352,0,00828c00,1,7f,0,ef117fee1180ee10,2ffe522ffe51,ff,1,0,1,1,0,0,0,1,0,0
353,353,0,00828c00,1,7f,0,ef117fee1180ee10,2ffe522ffe51,ff,1,0,1,1,0,0,0,1,0,0
354,354,0,00828c00,1,7f,0,ef117fee1180ee10,2ffe522ffe51,ff,1,0,1,1,0,0,0,1,0,0
355,355,0,00828c00,1,7f,0,ef117fee1180ee10,2ffe522ffe51,ff,1,0,1,1,0,0,0,1,0,0
356,356,0,00828c00,1,7f,0,ef117fee1180ee10,2ffe522ffe51,ff,1,0,1,1,0,0,0,1,0,0
357,357,0,00828c00,1,7f,0,ef117fee1180ee10,2ffe522ffe51,ff,1,0,1,1,0,0,0,1,0,0
358,358,0,00828c00,1,7f,0,ef117fee1180ee10,2ffe522ffe51,ff,1,0,1,1,0,0,0,1,0,0
359,359,0,00828c00,1,7f,0,ef117fee1180ee10,2ffe522ffe51,ff,1,0,1,1,0,0,0,1,0,0
360,360,0,00828c00,1,7f,0,ef117fee1180ee10,2ffe522ffe51,ff,1,0,1,1,0,0,0,1,0,0
361,361,0,00828c00,1,7f,0,ef117fee1180ee10,2ffe522ffe51,ff,1,0,1,1,0,0,0,1,0,0
362,362,0,00828c00,1,7f,0,ef117fee1180ee10,2ffe522ffe51,ff,1,0,1,1,0,0,0,1,0,0
363,363,0,00828c00,1,7f,0,ef117fee1180ee10,2ffe522ffe51,ff,1,0,1,1,0,0,0,1,0,0
364,364,0,00828c00,1,7f,0,ef117fee1180ee10,2ffe522ffe51,ff,1,0,1,1,0,0,0,1,0,0
365,365,0,00828c00,1,7f,0,ef117fee1180ee10,2ffe522ffe51,ff,1,0,1,1,0,0,0,1,0,0
366,366,0,00828c00,1,7f,0,ef117fee1180ee10,2ffe522ffe51,ff,1,0,1,1,0,0,0,1,0,0
367,367,0,00828c00,1,7f,0,ef117fee1180ee10,2ffe522ffe51,ff,1,0,1,1,0,0,0,1,0,0
368,368,0,00828c00,1,7f,0,ef117fee1180ee10,2ffe522ffe51,ff,1,0,1,1,0,0,0,1,0,0
369,369,0,00828c00,1,7f,0,ef117fee1180ee10,2ffe522ffe51,ff,1,0,1,1,0,0,0,1,0,0
370,370,0,00828c00,1,7f,0,ef117fee1180ee10,2ffe522ffe51,ff,1,0,1,1,0,0,0,1,0,0
371,371,0,00828c00,1,7f,0,ef117fee1180ee10,2ffe522ffe51,ff,1,0,1,1,0,0,0,1,0,0
372,372,0,00828c00,1,7f,0,ef117fee1180ee10,2ffe522ffe51,ff,1,0,1,1,0,0,0,1,0,0
373,373,0,00828c00,1,7f,0,ef117fee1180ee10,2ffe522ffe51,ff,1,0,1,1,0,0,0,1,0,0
374,374,0,00828c00,1,7f,0,ef117fee1180ee10,2ffe522ffe51,ff,1,0,1,1,0,0,0,1,0,0
375,375,0,00828c00,1,7f,0,ef117fee1180ee10,2ffe522ffe51,ff,1,0,1,1,0,0,0,1,0,0
376,376,0,00828c00,1,7f,0,ef117fee1180ee10,2ffe522ffe51,ff,1,0,1,1,0,0,0,1,0,0
377,377,0,00828c00,1,7f,0,ef117fee1180ee10,2ffe522ffe51,ff,1,0,1,1,0,0,0,1,0,0
378,378,0,00828c00,1,7f,0,ef117fee1180ee10,2ffe522ffe51,ff,1,0,1,1,0,0,0,1,0,0
379,379,0,00828c00,1,7f,0,ef117fee1180ee10,2ffe522ffe51,ff,1,0,1,1,0,0,0,1,0,0
380,380,0,00828c00,1,7f,0,ef117fee1180ee10,2ffe522ffe51,ff,1,0,1,1,0,0,0,1,0,0
381,381,0,00828c00,1,7f,0,ef117fee1180ee10,2ffe522ffe51,ff,1,0,1,1,0,0,0,1,0,0
382,382,0,00828c00,1,7f,0,ef117fee1180ee10,2ffe522ffe51,ff,1,0,1,1,0,0,0,1,0,0
383,383,0,00828c00,1,7f,0,ef117fee1180ee10,2ffe522ffe51,ff,1,0,1,1,0,0,0,1,0,0
384,384,0,00828c00,1,7f,0,ef117fee1180ee10,2ffe522ffe51,ff,1,0,1,1,0,0,0,1,0,0
385,385,0,00828c00,1,7f,0,ef117fee1180ee10,2ffe522ffe51,ff,1,0,1,1,0,0,0,1,0,0
386,386,0,00828c00,1,7f,0,ef117fee1180ee10,2ffe522ffe51,ff,1,0,1,1,0,0,0,1,0,0
387,387,0,00828c00,1,7f,0,ef117fee1180ee10,2ffe522ffe51,ff,1,0,1,1,0,0,0,1,0,0
388,388,0,00828c00,1,7f,0,ef117fee1180ee10,2ffe522ffe51,ff,1,0,1,1,0,0,0,1,0,0
389,389,0,00828c00,1,7f,0,ef117fee1180ee10,2ffe522ffe51,ff,1,0,1,1,0,0,0,1,0,0
390,390,0,00828c00,1,7f,0,ef117fee1180ee10,2ffe522ffe51,ff,1,0,1,1,0,0,0,1,0,0
391,391,0,00828c00,1,7f,0,ef117fee1180ee10,2ffe522ffe51,ff,1,0,1,1,0,0,0,1,0,0
392,392,0,00828c00,1,7f,0,ef117fee1180ee10,2ffe522ffe51,ff,1,0,1,1,0,0,0,1,0,0
393,393,0,00828c00,1,7f,0,ef117fee1180ee10,2ffe522ffe51,ff,1,0,1,1,0,0,0,1,0,0
394,394,0,00828c00,1,7f,0,ef117fee1180ee10,2ffe522ffe51,ff,1,0,1,1,0,0,0,1,0,0
395,395,0,00828c00,1,7f,0,ef117fee1180ee10,2ffe522ffe51,ff,1,0,1,1,0,0,0,1,0,0
396,396,0,00828c00,1,7f,0,ef117fee1180ee10,2ffe522ffe51,ff,1,0,1,1,0,0,0,1,0,0
397,397,0,00828c00,1,7f,0,ef117fee1180ee10,2ffe522ffe51,ff,1,0,1,1,0,0,0,1,0,0
398,398,0,00828c00,1,7f,0,ef117fee1180ee10,2ffe522ffe51,ff,1,0,1,1,0,0,0,1,0,0
399,399,0,00828c00,1,7f,0,ef117fee1180ee10,2ffe522ffe51,ff,1,0,1,1,0,0,0,1,0,0
400,400,0,00828c00,1,7f,0,ef117fee1180ee10,2ffe522ffe51,ff,1,0,1,1,0,0,0,1,0,0
401,401,0,00828c00,1,7f,0,ef117fee1180ee10,2ffe522ffe51,ff,1,0,1,1,0,0,0,1,0,0
402,402,0,00828c00,1,7f,0,ef117fee1180ee10,2ffe522ffe51,ff,1,0,1,1,0,0,0,1,0,0
403,403,0,00828c00,1,7f,0,ef117fee1180ee10,2ffe522ffe51,ff,1,0,1,1,0,0,0,1,0,0
404,404,0,00828c00,1,7f,0,ef117fee1180ee10,2ffe522ffe51,ff,1,0,1,1,0,0,0,1,0,0
405,405,0,00828c00,1,7f,0,ef117fee1180ee10,2ffe522ffe51,ff,1,0,1,1,0,0,0,1,0,0
406,406,0,00828c00,1,7f,0,ef117fee1180ee10,2ffe522ffe51,ff,1,0,1,1,0,0,0,1,0,0
407,407,0,00828c00,1,7f,0,ef117fee1180ee10,2ffe522ffe51,ff,1,0,1,1,0,0,0,1,0,0
408,408,0,00828c00,1,7f,0,ef117fee1180ee10,2ffe522ffe51,ff,1,0,1,1,0,0,0,1,0,0
409,409,0,00828c00,1,7f,0,ef117fee1180ee10,2ffe522ffe51,ff,1,0,1,1,0,0,0,1,0,0
410,410,0,00828c00,1,7f,0,ef117fee1180ee10,2ffe522ffe51,ff,1,0,1,1,0,0,0,1,0,0
411,411,0,00828c00,1,7f,0,ef117fee1180ee10,2ffe522ffe51,ff,1,0,1,1,0,0,0,1,0,0
412,412,0,00828c00,1,7f,0,ef117fee1180ee10,2ffe522ffe51,ff,1,0,1,1,0,0,0,1,0,0
413,413,0,00828c00,1,7f,0,ef117fee1180ee10,2ffe522ffe51,ff,1,0,1,1,0,0,0,1,0,0
414,414,0,00828c00,1,7f,0,ef117fee1180ee10,2ffe522ffe51,ff,1,0,1,1,0,0,0,1,0,0
415,415,0,00828c00,1,7f,0,ef117fee1180ee10,2ffe522ffe51,ff,1,0,1,1,0,0,0,1,0,0
416,416,0,00828c00,1,7f,0,ef117fee1180ee10,2ffe522ffe51,ff,1,0,1,1,0,0,0,1,0,0
417,417,0,00828c00,1,7f,0,ef117fee1180ee10,2ffe522ffe51,ff,1,0,1,1,0,0,0,1,0,0
418,418,0,00828c00,1,7f,0,ef117fee1180ee10,2ffe522ffe51,ff,1,0,1,1,0,0,0,1,0,0
419,419,0,00828c00,1,7f,0,ef117fee1180ee10,2ffe522ffe51,ff,1,0,1,1,0,0,0,1,0,0
420,420,0,00828c00,1,7f,0,ef117fee1180ee10,2ffe522ffe51,ff,1,0,1,1,0,0,0,1,0,0
421,421,0,00828c00,1,7f,0,ef117fee1180ee10,2ffe522ffe51,ff,1,0,1,1,0,0,0,1,0,0
422,422,0,00828c00,1,7f,0,ef117fee1180ee10,2ffe522ffe51,ff,1,0,1,1,0,0,0,1,0,0
423,423,0,00828c00,1,7f,0,ef117fee1180ee10,2ffe522ffe51,ff,1,0,1,1,0,0,0,1,0,0
424,424,0,00828c00,1,7f,0,ef117fee1180ee10,2ffe522ffe51,ff,1,0,1,1,0,0,0,1,0,0
425,425,0,00828c00,1,7f,0,ef117fee1180ee10,2ffe522ffe51,ff,1,0,1,1,0,0,0,1,0,0
426,426,0,00828c00,1,7f,0,ef117fee1180ee10,2ffe522ffe51,ff,1,0,1,1,0,0,0,1,0,0
427,427,0,00828c00,1,7f,0,ef117fee1180ee10,2ffe522ffe51,ff,1,0,1,1,0,0,0,1,0,0
428,428,0,00828c00,1,7f,0,ef117fee1180ee10,2ffe522ffe51,ff,1,0,1,1,0,0,0,1,0,0
429,429,0,00828c00,1,7f,0,ef117fee1180ee10,2ffe522ffe51,ff,1,0,1,1,0,0,0,1,0,0
430,430,0,00828c00,1,7f,0,ef117fee1180ee10,2ffe522ffe51,ff,1,0,1,1,0,0,0,1,0,0
431,431,0,00828c00,1,7f,0,ef117fee1180ee10,2ffe522ffe51,ff,1,0,1,1,0,0,0,1,0,0
432,432,0,00828c00,1,7f,0,ef117fee1180ee10,2ffe522ffe51,ff,1,0,1,1,0,0,0,1,0,0
433,433,0,00828c00,1,7f,0,ef117fee1180ee10,2ffe522ffe51,ff,1,0,1,1,0,0,0,1,0,0
434,434,0,00828c00,1,7f,0,ef117fee1180ee10,2ffe522ffe51,ff,1,0,1,1,0,0,1,1,0,0
435,435,0,00828c00,1,7f,0,117eef117eef117f,2ffe522ffe51,ff,1,0,1,1,0,0,1,1,0,0
436,436,0,00828c00,1,7f,0,7df0127def127eef,2ffe522ffe51,ff,1,0,1,1,0,0,1,1,0,0
437,437,0,00828c00,1,7f,0,f0127cf0127cf012,2ffe522ffe51,ff,1,0,1,1,0,0,1,1,0,0
438,438,0,00828c00,1,7f,0,137bf1137bf0137c,2ffe522ffe51,ff,1,0,1,1,0,0,1,1,0,0
439,439,0,00828c00,1,7f,0,7af1137af1137af1,2ffe522ffe51,ff,1,0,1,1,0,0,1,1,0,0
440,440,0,00828c00,1,7f,0,f21479f11479f114,2ffe522ffe51,ff,1,0,1,1,0,0,1,1,0,0
441,441,0,00828c00,1,7f,0,1578f21478f21478,2ffe522ffe51,ff,1,0,1,1,0,0,1,1,0,0
442,442,0,00828c00,1,7f,0,76f31577f21577f2,2ffe522ffe51,ff,1,1,1,1,0,0,1,1,0,1
443,443,0,00000000,0,00,0,f31676f31676f315,2efe532efe52,ff,1,0,0,1,0,0,1,1,0,1
444,444,0,00829000,1,5f,0,1675f31675f31675,2dfe532efe53,ff,1,0,1,1,0,0,1,1,0,1
445,445,0,00829000,1,5f,0,73f41774f41774f4,2dfe542dfe54,ff,1,0,1,1,0,0,1,1,0,1
446,446,0,00829000,1,5f,0,f41873f41773f417,2cfd552cfd54,ff,1,0,1,1,0,0,1,1,0,1
447,447,0,00829000,1,5f,0,1871f51872f51872,2cfd552cfd55,ff,1,0,1,1,0,0,1,1,0,1
448,448,0,00829000,1,5f,0,70f51971f51871f5,2bfd562bfd56,ff,1,0,1,1,0,0,1,1,0,1
449,449,0,00829000,1,5f,0,f6196ff51970f519,2afd572bfd57,ff,1,0,1,1,0,0,1,1,0,1
450,450,0,00829000,1,5f,0,1a6ef61a6ff61a6f,2afd582afd57,ff,1,0,1,1,0,0,1,1,0,1
451,451,0,00829000,1,5f,0,6df61b6df61a6ef6,29fd582afd58,ff,1,0,1,1,0,0,1,1,0,1
452,452,0,00829000,1,5f,0,f71b6cf71b6df61b,29fc5929fd59,ff,1,0,1,1,0,0,1,1,0,1
453,453,0,00829000,1,5f,0,1c6bf71c6cf71c6c,28fc5a28fc5a,ff,1,0,1,1,0,0,1,1,0,1
454,454,0,00829000,1,5f,0,6af71d6af71c6bf7,28fc5b28fc5a,ff,1,0,1,1,0,0,1,1,0,1
455,455,0,00829000,1,5f,0,f81d69f81d6af81d,27fc5b27fc5b,ff,1,0,1,1,0,0,1,1,0,1
456,456,0,00829000,1,5f,0,1e68f81e68f81e69,26fc5c27fc5c,ff,1,0,1,1,0,0,1,1,0,1
457,457,0,00829000,1,5f,0,67f91f67f81e68f8,26fc5d26fc5d,ff,1,0,1,1,0,0,1,1,0,1
458,458,0,00829000,1,5f,0,f91f66f91f67f91f,25fb5e26fb5d,ff,1,0,1,1,0,0,1,1,1,1
459,459,0,00829000,1,5f,0,2065f92065f92066,25fb5e26fb5d,ff,1,0,1,1,0,0,1,1,1,1
460,460,0,00829000,1,5f,0,64fa2164f92065f9,25fb5e26fb5d,ff,1,0,1,1,0,0,1,1,1,1
461,461,0,00829000,1,5f,0,fa2163fa2163fa21,25fb5e26fb5d,ff,1,0,1,1,0,0,1,1,1,1
462,462,0,00829000,1,5f,0,2262fa2262fa2263,25fb5e26fb5d,ff,1,0,1,1,0,0,1,1,1,1
463,463,0,00829000,1,5f,0,61fa2361fa2362fa,25fb5e26fb5d,ff,1,0,1,1,0,0,1,1,1,1
464,464,0,00829000,1,5f,0,fb2460fb2360fb23,25fb5e26fb5d,ff,1,0,1,1,0,0,1,1,1,1
465,465,0,00829000,1,5f,0,245ffb245ffb2460,25fb5e26fb5d,ff,1,0,1,1,0,0,1,1,1,1
466,466,0,00829000,1,5f,0,5efb255efb255efb,25fb5e26fb5d,ff,1,0,1,1,0,0,1,1,1,1
467,467,0,00829000,1,5f,0,fc265dfb265dfb25,25fb5e26fb5d,ff,1,0,1,1,0,0,1,1,1,1
468,468,0,00829000,1,5f,0,275cfc265cfc265d,25fb5e26fb5d,ff,1,0,1,1,0,0,1,1,1,1
469,469,0,00829000,1,5f,0,5bfc275bfc275bfc,8011ee8011ee,ff,1,0,1,1,0,0,1,1,0,1
470,470,0,00829000,1,5f,0,fc285afc285afc28,8110ee8011ee,ff,1,0,1,1,0,0,1,1,0,1
471,471,0,00829000,1,5f,0,2959fc2959fc285a,8110ed8110ee,ff,1,0,1,1,0,0,1,1,0,1
472,472,0,00829000,1,5f,0,58fd2a58fd2958fd,8210ed8210ed,ff,1,0,1,1,0,0,1,1,0,1
473,473,0,00829000,1,5f,0,fd2a57fd2a57fd2a,830fed830fed,ff,1,0,1,1,0,0,1,1,0,1
474,474,0,00829000,1,5f,0,2b56fd2b56fd2b57,840fec830fec,ff,1,0,1,1,0,0,1,1,0,1
475,475,0,00829000,1,5f,0,55fd2c55fd2c55fd,850eec840fec,ff,1,0,1,1,0,0,1,1,0,1
476,476,0,00829000,1,5f,0,fe2d54fd2c54fd2c,850eeb850eec,ff,1,0,1,1,0,0,1,1,0,1
477,477,0,00829000,1,5f,0,2e53fe2d53fe2d54,860eeb860eeb,ff,1,0,1,1,0,0,1,1,0,1
478,478,0,00829000,1,5f,0,52fe2e52fe2e53fe,870deb870eeb,ff,1,0,1,1,0,0,1,1,0,1
479,479,0,00829000,1,5f,0,fe2f51fe2f51fe2f,880dea870dea,ff,1,0,1,1,0,0,1,1,0,1
480,480,0,00829000,1,5f,0,3050fe3050fe3051,890dea880dea,ff,1,0,1,1,0,0,1,1,0,1
481,481,0,00829000,1,5f,0,4ffe314ffe3050fe,890ce9890ce9,ff,1,0,1,1,0,0,1,1,0,1
482,482,0,00829000,1,5f,0,fe324efe314ffe31,8a0ce98a0ce9,ff,1,0,1,1,0,0,1,1,0,1
483,483,0,00829000,1,5f,0,334dff324dff324e,8b0ce88a0ce9,ff,1,0,1,1,0,0,1,1,0,1
484,484,0,00829000,1,5f,0,4cff334cff334dff,8c0be88b0be8,ff,1,0,1,1,0,0,1,1,0,1
485,485,0,00829000,1,5f,0,ff344bff344cff34,8c0be78c0be8,ff,1,0,1,1,0,0,1,1,0,1
486,486,0,00829000,1,5f,0,354aff354bff354b,8d0be78d0be7,ff,1,0,1,1,0,0,1,1,0,1
487,487,0,00829000,1,5f,0,49ff3649ff354aff,8e0ae78e0ae7,ff,1,0,1,1,0,0,1,1,0,1
488,488,0,00829000,1,5f,0,ff3748ff3649ff36,8f0ae68e0ae6,ff,1,0,1,1,0,0,1,1,0,1
489,489,0,00829000,1,5f,0,3847ff3748ff3748,900ae68f0ae6,ff,1,0,1,1,0,0,1,1,0,1
490,490,0,00829000,1,5f,0,46ff3847ff3847ff,9009e5900ae5,ff,1,0,1,1,0,0,1,1,0,1
491,491,0,00829000,1,5f,0,ff3946ff3946ff39,9109e59109e5,ff,1,0,1,1,0,0,1,1,0,1
492,492,0,00829000,1,5f,0,3a45ff3a45ff3a45,9209e49209e4,ff,1,0,1,1,0,0,1,1,0,1
493,493,0,00829000,1,5f,0,44ff3b44ff3b44ff,9309e49209e4,ff,1,0,1,1,0,0,1,1,0,1
494,494,0,00829000,1,5f,0,ff3c43ff3c43ff3b,9308e39308e3,ff,1,0,1,1,0,0,1,1,0,1
495,495,0,00829000,1,5f,0,3d42ff3d42ff3c42,9408e39408e3,ff,1,0,1,1,0,0,1,1,0,1
496,496,0,00829000,1,5f,0,41ff3e41ff3d41ff,9508e29508e2,ff,1,0,1,1,0,0,1,1,0,1
497,497,0,00829000,1,5f,0,ff3f40ff3e40ff3e,9607e29508e2,ff,1,0,1,1,0,0,1,1,0,1
498,498,0,00829000,1,5f,0,403fff3f3fff3f40,9707e19607e1,ff,1,0,1,1,0,0,1,1,0,1
499,499,0,00829000,1,5f,0,3eff403eff403fff,9707e19707e1,ff,1,0,1,1,0,0,1,1,0,1
500,500,0,00829000,1,5f,0,ff413dff413eff41,9807e09807e0,ff,1,0,1,1,0,0,1,1,0,1
501,501,0,00829000,1,5f,0,423cff423dff423d,9906e09806e0,ff,1,0,1,1,0,0,1,1,0,1
502,502,0,00829000,1,5f,0,3bff433cff433cff,9a06df9906df,ff,1,0,1,1,0,0,1,1,0,1
503,503,0,00829000,1,5f,0,ff443bff443bff44,9a06df9a06df,ff,1,0,1,1,0,0,1,1,0,1
504,504,0,00829000,1,5f,0,453aff453aff453a,9b06de9b06de,ff,1,0,1,1,0,0,1,1,0,1
505,505,0,00829000,1,5f,0,39ff4639ff4639ff,9c05de9c05de,ff,1,0,1,1,0,0,1,1,0,1
506,506,0,00829000,1,5f,0,ff4738ff4738ff46,9d05dd9c05dd,ff,1,0,1,1,0,0,1,1,0,1
507,507,0,00829000,1,5f,0,4837ff4837ff4738,9d05dc9d05dd,ff,1,0,1,1,0,0,1,1,0,1
508,508,0,00829000,1,5f,0,36ff4936ff4837ff,9e05dc9e05dc,ff,1,0,1,1,0,0,1,1,0,1
509,509,0,00829000,1,5f,0,ff4a35ff4936ff49,9f04db9f05dc,ff,1,0,1,1,0,0,1,1,0,1
510,510,0,00829000,1,5f,0,4b35ff4b35ff4a35,a004db9f04db,ff,1,0,1,1,0,0,1,1,0,1
511,511,0,00829000,1,5f,0,34ff4c34ff4b34ff,a104daa004db,ff,1,0,1,1,0,0,1,1,0,1
512,512,1,00829000,1,5f,0,ff4d33ff4c33ff4c,a104daa104da,ff,1,0,1,1,0,0,1,1,0,1
513,513,0,00829000,1,5f,0,4e32fe4d32ff4d33,a204d9a204d9,ff,1,0,1,1,0,0,1,1,0,1
514,514,0,00829000,1,5f,0,31fe4f31fe4e32fe,a303d9a204d9,ff,1,0,1,1,0,0,1,1,0,1
515,515,0,00829000,1,5f,0,fe5030fe4f31fe4f,a403d8a303d8,ff,1,0,1,1,0,0,1,1,0,1
516,516,0,00829000,1,5f,0,5130fe5030fe5030,a403d7a403d8,ff,1,0,1,1,0,0,1,1,0,1
517,517,0,00829000,1,5f,0,2ffe512ffe512ffe,a503d7a503d7,ff,1,0,1,1,0,0,1,1,0,1
518,518,0,00829000,1,5f,0,fe532efe522efe52,a603d6a503d7,ff,1,0,1,1,0,0,1,1,0,1
519,519,0,00829000,1,5f,0,542dfe532dfe532e,a703d6a603d6,ff,1,0,1,1,0,0,1,1,0,1
520,520,0,00829000,1,5f,0,2cfd542cfd542dfd,a702d5a702d5,ff,1,0,1,1,0,0,1,1,0,1
521,521,0,00829000,1,5f,0,fd552cfd552cfd55,a802d5a802d5,ff,1,0,1,1,0,0,1,1,0,1
522,522,0,00829000,1,5f,0,572bfd562bfd562b,a902d4a802d4,ff,1,0,1,1,0,0,1,1,0,1
523,523,0,00829000,1,5f,0,2afd572afd572afd,aa02d3a902d4,ff,1,0,1,1,0,0,1,1,0,1
524,524,0,00829000,1,5f,0,fc5829fd582afd58,aa02d3aa02d3,ff,1,0,1,1,0,0,1,1,0,1
525,525,0,00829000,1,5f,0,5a28fc5929fc5929,ab02d2ab02d3,ff,1,0,1,1,0,0,1,1,0,1
526,526,0,00829000,1,5f,0,28fc5a28fc5a28fc,ac01d2ab02d2,ff,1,0,1,1,0,0,1,1,0,1
527,527,0,00829000,1,5f,0,fc5b27fc5b27fc5b,ac01d1ac01d1,ff,1,0,1,1,0,0,1,1,0,1
528,528,0,00829000,1,5f,0,5d26fc5c26fc5c27,ad01d0ad01d1,ff,1,0,1,1,0,0,1,1,0,1
529,529,0,00829000,1,5f,0,25fb5d26fb5d26fb,ae01d0ae01d0,ff,1,0,1,1,0,0,1,1,0,1
530,530,0,00829000,1,5f,0,fb5e25fb5e25fb5e,af01cfae01cf,ff,1,0,1,1,0,0,1,1,0,1
531,531,0,00829000,1,5f,0,6024fb5f24fb5f24,af01cfaf01cf,ff,1,0,1,1,0,0,1,1,0,1
532,532,0,00829000,1,5f,0,23fa6023fb6024fb,b001ceb001ce,ff,1,0,1,1,0,0,1,1,0,1
533,533,0,00829000,1,5f,0,fa6223fa6123fa61,b101cdb001ce,ff,1,0,1,1,0,0,1,1,0,1
534,534,0,00829000,1,5f,0,6322fa6222fa6222,b201cdb101cd,ff,1,0,1,1,0,0,1,1,0,1
535,535,0,00829000,1,5f,0,21fa6321fa6321fa,b200ccb200cc,ff,1,0,1,1,0,0,1,1,0,1
536,536,0,00829000,1,5f,0,f96520f96421f964,b300cbb300cc,ff,1,0,1,1,0,0,1,1,0,1
537,537,0,00829000,1,5f,0,6620f96520f96520,b400cbb300cb,ff,1,0,1,1,0,0,1,1,0,1
538,538,0,00829000,1,5f,0,1ff9671ff9661ff9,b400cab400ca,ff,1,0,1,1,0,0,1,1,0,1
539,539,0,00829000,1,5f,0,f8681ef8671ff867,b500cab500ca,ff,1,0,1,1,0,0,1,1,0,1
540,540,0,00829000,1,5f,0,691ef8681ef8681e,b600c9b600c9,ff,1,0,1,1,0,0,1,1,0,1
541,541,0,00829000,1,5f,0,1df76a1df8691df8,b700c8b600c9,ff,1,0,1,1,0,0,1,1,0,1
542,542,0,00829000,1,5f,0,f76b1cf76a1df76a,b700c8b700c8,ff,1,0,1,1,0,0,1,1,0,1
543,543,0,00829000,1,5f,0,6c1cf76c1cf76b1c,b800c7b800c7,ff,1,0,1,1,0,0,1,1,0,1
544,544,0,00829000,1,5f,0,1bf66d1bf66c1bf7,b900c6b800c7,ff,1,0,1,1,0,0,1,1,0,1
545,545,0,00829000,1,5f,0,f66e1af66d1bf66d,b900c6b900c6,ff,1,0,1,1,0,0,1,1,0,1
546,546,0,00829000,1,5f,0,6f1af66f1af66e1a,ba00c5ba00c5,ff,1,0,1,1,0,0,1,1,0,1
547,547,0,00829000,1,5f,0,19f57019f56f19f5,bb00c4ba00c5,ff,1,0,1,1,0,0,1,1,0,1
548,548,0,00829000,1,5f,0,f57118f57119f570,bb00c4bb00c4,ff,1,0,1,1,0,0,1,1,0,1
549,549,0,00829000,1,5f,0,7218f47218f57118,bc00c3bc00c3,ff,1,0,1,1,0,0,1,1,0,1
550,550,0,00829000,1,5f,0,17f47317f47318f4,bd00c2bd00c3,ff,1,0,1,1,0,0,1,1,0,1
551,551,0,00829000,1,5f,0,f37417f47417f473,be00c2bd00c2,ff,1,0,1,1,0,0,1,1,0,1
552,552,0,00829000,1,5f,0,7516f37516f37516,be00c1be00c1,ff,1,0,1,1,0,0,1,1,0,1
553,553,0,00829000,1,5f,0,15f37616f37616f3,bf00c0bf00c1,ff,1,0,1,1,0,0,1,1,0,1
554,554,0,00829000,1,5f,0,f27715f27715f276,c000c0bf00c0,ff,1,0,1,1,0,0,1,1,0,1
555,555,0,00829000,1,5f,0,7814f27814f27815,c000bfc000bf,ff,1,0,1,1,0,0,1,1,0,1
556,556,0,00829000,1,5f,0,14f17914f17914f1,c100bec100bf,ff,1,0,1,1,0,0,1,1,0,1
557,557,0,00829000,1,5f,0,f17a13f17a13f17a,c200bec100be,ff,1,0,1,1,0,0,1,1,0,1
558,558,0,00829000,1,5f,0,7c13f07b13f07b13,c200bdc200bd,ff,1,0,1,1,0,0,1,1,0,1
559,559,0,00829000,1,5f,0,12f07c12f07c12f0,c300bcc300bd,ff,1,0,1,1,0,0,1,1,0,1
560,560,0,00829000,1,5f,0,ef7e12ef7d12ef7d,c400bbc300bc,ff,1,0,1,1,0,0,1,1,0,1
561,561,0,00829000,1,5f,0,7f11ef7e11ef7e11,c400bbc400bb,ff,1,0,1,1,0,1,1,1,0,1
562,562,0,00829000,1,5f,0,10ee8011ee7f11ee,c500bac500ba,ff,1,0,1,1,0,0,0,1,0,1
563,563,0,00829000,1,5f,0,10ee8011ee7f11ee,c600b9c500ba,ff,1,0,1,1,0,0,0,1,0,1
564,564,0,00829000,1,5f,0,10ee8011ee7f11ee,c600b9c600b9,ff,1,0,1,1,0,0,0,1,0,1
565,565,0,00829000,1,5f,0,10ee8011ee7f11ee,c700b8c700b8,ff,1,0,1,1,0,0,0,1,0,1
566,566,0,00829000,1,5f,0,10ee8011ee7f11ee,c800b7c700b8,ff,1,0,1,1,0,0,0,1,0,1
567,567,0,00829000,1,5f,0,10ee8011ee7f11ee,c800b7c800b7,ff,1,0,1,1,0,0,0,1,0,1
568,568,0,00829000,1,5f,0,10ee8011ee7f11ee,c900b6c900b6,ff,1,0,1,1,0,0,0,1,0,1
569,569,0,00829000,1,5f,0,10ee8011ee7f11ee,ca00b5c900b6,ff,1,0,1,1,0,0,0,1,0,1
570,570,0,00829000,1,5f,0,10ee8011ee7f11ee,ca00b4ca00b5,ff,1,0,1,1,0,0,0,1,0,1
571,571,0,00829000,1,5f,0,10ee8011ee7f11ee,cb00b4ca00b4,ff,1,0,1,1,0,0,0,1,0,1
572,572,0,00829000,1,5f,0,10ee8011ee7f11ee,cb00b3cb00b3,ff,1,0,1,1,0,0,0,1,0,1
573,573,0,00829000,1,5f,0,10ee8011ee7f11ee,cc00b2cc00b3,ff,1,0,1,1,0,0,0,1,0,1
574,574,0,00829000,1,5f,0,10ee8011ee7f11ee,cd00b2cc00b2,ff,1,0,1,1,0,0,0,1,0,1
575,575,0,00829000,1,5f,0,10ee8011ee7f11ee,cd01b1cd00b1,ff,1,0,1,1,0,0,0,1,0,1
576,576,0,00829000,1,5f,0,10ee8011ee7f11ee,ce01b0ce01b0,ff,1,0,1,1,0,0,0,1,0,1
577,577,0,00829000,1,5f,0,10ee8011ee7f11ee,cf01afce01b0,ff,1,0,1,1,0,0,0,1,0,1
578,578,0,00829000,1,5f,0,10ee8011ee7f11ee,cf01afcf01af,ff,1,0,1,1,1,0,0,1,0,1
579,579,0,00829000,1,5f,0,10ee8011ee7f11ee,d001aecf01ae,ff,1,0,1,1,0,0,0,1,0,1
580,580,0,00829000,1,5f,0,10ee8011ee7f11ee,d001add001ae,ff,1,0,1,1,0,0,0,1,0,1
581,581,0,00829000,1,5f,0,10ee8011ee7f11ee,d101acd101ad,ff,1,0,1,1,0,0,0,1,0,1
582,582,0,00829000,1,5f,0,10ee8011ee7f11ee,d201acd101ac,ff,1,0,1,1,0,0,0,1,0,1
583,583,0,00829000,1,5f,0,10ee8011ee7f11ee,d201abd201ab,ff,1,0,1,1,0,0,0,1,0,1
584,584,0,00829000,1,5f,0,10ee8011ee7f11ee,d302aad302ab,ff,1,0,1,1,0,0,0,1,0,1
585,585,0,00829000,1,5f,0,10ee8011ee7f11ee,d302aad302aa,ff,1,0,1,1,0,0,0,1,0,1
586,586,0,00829000,1,5f,0,10ee8011ee7f11ee,d402a9d402a9,ff,1,0,1,1,0,0,0,1,0,1
587,587,0,00829000,1,5f,0,10ee8011ee7f11ee,d502a8d402a8,ff,1,0,1,1,0,0,0,1,0,1
588,588,0,00829000,1,5f,0,10ee8011ee7f11ee,d502a7d502a8,ff,1,0,1,1,0,0,0,1,0,1
589,589,0,00829000,1,5f,0,10ee8011ee7f11ee,d602a7d502a7,ff,1,0,1,1,0,0,0,1,0,1
590,590,0,00829000,1,5f,0,10ee8011ee7f11ee,d603a6d602a6,ff,1,0,1,1,0,0,0,1,0,1
591,591,0,00829000,1,5f,0,10ee8011ee7f11ee,d703a5d703a5,ff,1,0,1,1,0,0,0,1,0,1
592,592,0,00829000,1,5f,0,10ee8011ee7f11ee,d703a4d703a5,ff,1,0,1,1,0,0,0,1,0,1
593,593,0,00829000,1,5f,0,10ee8011ee7f11ee,d803a4d803a4,ff,1,0,1,1,0,0,0,1,0,1
594,594,0,00829000,1,5f,0,10ee8011ee7f11ee,d903a3d803a3,ff,1,0,1,1,0,0,0,1,0,1
595,595,0,00829000,1,5f,0,10ee8011ee7f11ee,d903a2d903a2,ff,1,0,1,1,0,0,0,1,0,1
596,596,0,00829000,1,5f,0,10ee8011ee7f11ee,da04a1d904a2,ff,1,0,1,1,0,0,0,1,0,1
597,597,0,00829000,1,5f,0,10ee8011ee7f11ee,da04a1da04a1,ff,1,0,1,1,0,0,0,1,0,1
598,598,0,00829000,1,5f,0,10ee8011ee7f11ee,db04a0db04a0,ff,1,0,1,1,0,0,0,1,0,1
599,599,0,00829000,1,5f,0,10ee8011ee7f11ee,db049fdb049f,ff,1,0,1,1,0,0,0,1,0,1
600,600,0,00829000,1,5f,0,10ee8011ee7f11ee,dc049edc049f,ff,1,0,1,1,0,0,0,1,0,1
601,601,0,00829000,1,5f,0,10ee8011ee7f11ee,dc059ddc059e,ff,1,0,1,1,0,0,0,1,0,1
602,602,0,00829000,1,5f,0,10ee8011ee7f11ee,dd059ddd059d,ff,1,0,1,1,0,0,0,1,0,1
603,603,0,00829000,1,5f,0,10ee8011ee7f11ee,de059cdd059c,ff,1,0,1,1,0,0,0,1,0,1
604,604,0,00829000,1,5f,0,10ee8011ee7f11ee,de059bde059c,ff,1,0,1,1,0,0,0,1,0,1
605,605,0,00829000,1,5f,0,10ee8011ee7f11ee,df069ade059b,ff,1,0,1,1,0,0,0,1,0,1
606,606,0,00829000,1,5f,0,10ee8011ee7f11ee,df069adf069a,ff,1,0,1,1,0,0,0,1,0,1
607,607,0,00829000,1,5f,0,10ee8011ee7f11ee,e00699df0699,ff,1,0,1,1,0,0,0,1,0,1
608,608,0,00829000,1,5f,0,10ee8011ee7f11ee,e00698e00698,ff,1,0,1,1,0,0,0,1,0,1
609,609,0,00829000,1,5f,0,10ee8011ee7f11ee,e10797e00698,ff,1,0,1,1,0,0,0,1,0,1
610,610,0,00829000,1,5f,0,10ee8011ee7f11ee,e10797e10797,ff,1,0,1,1,0,0,0,1,0,1
611,611,0,00829000,1,5f,0,10ee8011ee7f11ee,e20796e10796,ff,1,0,1,1,0,0,0,1,0,1
612,612,0,00829000,1,5f,0,10ee8011ee7f11ee,e20795e20795,ff,1,0,1,1,0,0,0,1,0,1
613,613,0,00829000,1,5f,0,10ee8011ee7f11ee,e30894e20895,ff,1,0,1,1,0,0,0,1,0,1
614,614,0,00829000,1,5f,0,10ee8011ee7f11ee,e30893e30894,ff,1,0,1,1,0,0,0,1,0,1
615,615,0,00829000,1,5f,0,10ee8011ee7f11ee,e40893e30893,ff,1,0,1,1,0,0,0,1,0,1
616,616,0,00829000,1,5f,0,10ee8011ee7f11ee,e40992e40892,ff,1,0,1,1,0,0,0,1,0,1
617,617,0,00829000,1,5f,0,10ee8011ee7f11ee,e50991e40992,ff,1,0,1,1,0,0,0,1,0,1
618,618,0,00829000,1,5f,0,10ee8011ee7f11ee,e50990e50991,ff,1,0,1,1,0,0,0,1,0,1
619,619,0,00829000,1,5f,0,10ee8011ee7f11ee,e60990e50990,ff,1,0,1,1,0,0,0,1,0,1
620,620,0,00829000,1,5f,0,10ee8011ee7f11ee,e60a8fe60a8f,ff,1,0,1,1,0,0,0,1,0,1
621,621,0,00829000,1,5f,0,10ee8011ee7f11ee,e70a8ee60a8e,ff,1,0,1,1,0,0,0,1,0,1
622,622,0,00829000,1,5f,0,10ee8011ee7f11ee,e70a8de70a8e,ff,1,0,1,1,0,0,0,1,0,1
623,623,0,00829000,1,5f,0,10ee8011ee7f11ee,e70b8ce70a8d,ff,1,0,1,1,0,0,0,1,0,1
624,624,0,00829000,1,5f,0,10ee8011ee7f11ee,e80b8ce80b8c,ff,1,0,1,1,0,0,0,1,0,0
625,625,0,00829000,1,5f,0,10ee8011ee7f11ee,e80b8ce80b8c,ff,1,0,1,1,0,0,0,1,0,0
626,626,0,00829000,1,5f,0,10ee8011ee7f11ee,e80b8ce80b8c,ff,1,0,1,1,0,0,0,1,0,0
627,627,0,00829000,1,5f,0,10ee8011ee7f11ee,e80b8ce80b8c,ff,1,0,1,1,0,0,0,1,0,0
628,628,0,00829000,1,5f,0,10ee8011ee7f11ee,e80b8ce80b8c,ff,1,0,1,1,0,0,0,1,0,0
629,629,0,00829000,1,5f,0,10ee8011ee7f11ee,e80b8ce80b8c,ff,1,0,1,1,0,0,0,1,0,0
630,630,0,00829000,1,5f,0,10ee8011ee7f11ee,e80b8ce80b8c,ff,1,0,1,1,0,0,0,1,0,0
631,631,0,00829000,1,5f,0,10ee8011ee7f11ee,e80b8ce80b8c,ff,1,0,1,1,0,0,0,1,0,0
632,632,0,00829000,1,5f,0,10ee8011ee7f11ee,e80b8ce80b8c,ff,1,0,1,1,0,0,0,1,0,0
633,633,0,00829000,1,5f,0,10ee8011ee7f11ee,e80b8ce80b8c,ff,1,0,1,1,0,0,0,1,0,0
634,634,0,00829000,1,5f,0,10ee8011ee7f11ee,e80b8ce80b8c,ff,1,0,1,1,0,0,0,1,0,0
635,635,0,00829000,1,5f,0,10ee8011ee7f11ee,e80b8ce80b8c,ff,1,0,1,1,0,0,0,1,0,0
636,636,0,00829000,1,5f,0,10ee8011ee7f11ee,e80b8ce80b8c,ff,1,0,1,1,0,0,0,1,0,0
637,637,0,00829000,1,5f,0,10ee8011ee7f11ee,e80b8ce80b8c,ff,1,0,1,1,0,0,0,1,0,0
638,638,0,00829000,1,5f,0,10ee8011ee7f11ee,e80b8ce80b8c,ff,1,0,1,1,0,0,0,1,0,0
639,639,0,00829000,1,5f,0,10ee8011ee7f11ee,e80b8ce80b8c,ff,1,0,1,1,0,0,0,1,0,0
640,640,0,00829000,1,5f,0,10ee8011ee7f11ee,e80b8ce80b8c,ff,1,0,1,1,0,0,0,1,0,0
641,641,0,00829000,1,5f,0,10ee8011ee7f11ee,e80b8ce80b8c,ff,1,0,1,1,0,0,0,1,0,0
642,642,0,00829000,1,5f,0,10ee8011ee7f11ee,e80b8ce80b8c,ff,1,0,1,1,0,0,0,1,0,0
643,643,0,00829000,1,5f,0,10ee8011ee7f11ee,e80b8ce80b8c,ff,1,0,1,1,0,0,0,1,0,0
644,644,0,00829000,1,5f,0,10ee8011ee7f11ee,e80b8ce80b8c,ff,1,0,1,1,0,0,0,1,0,0
645,645,0,00829000,1,5f,0,10ee8011ee7f11ee,e80b8ce80b8c,ff,1,0,1,1,0,0,0,1,0,0
646,646,0,00829000,1,5f,0,10ee8011ee7f11ee,e80b8ce80b8c,ff,1,0,1,1,0,0,0,1,0,0
647,647,0,00829000,1,5f,0,10ee8011ee7f11ee,e80b8ce80b8c,ff,1,0,1,1,0,0,0,1,0,0
648,648,0,00829000,1,5f,0,10ee8011ee7f11ee,e80b8ce80b8c,ff,1,0,1,1,0,0,0,1,0,0
649,649,0,00829000,1,5f,0,10ee8011ee7f11ee,e80b8ce80b8c,ff,1,0,1,1,0,0,0,1,0,0
650,650,0,00829000,1,5f,0,10ee8011ee7f11ee,e80b8ce80b8c,ff,1,0,1,1,0,0,0,1,0,0
651,651,0,00829000,1,5f,0,10ee8011ee7f11ee,e80b8ce80b8c,ff,1,0,1,1,0,0,0,1,0,0
652,652,0,00829000,1,5f,0,10ee8011ee7f11ee,e80b8ce80b8c,ff,1,0,1,1,0,0,0,1,0,0
653,653,0,00829000,1,5f,0,10ee8011ee7f11ee,e80b8ce80b8c,ff,1,0,1,1,0,0,0,1,0,0
654,654,0,00829000,1,5f,0,10ee8011ee7f11ee,e80b8ce80b8c,ff,1,0,1,1,0,0,0,1,0,0
655,655,0,00829000,1,5f,0,10ee8011ee7f11ee,e80b8ce80b8c,ff,1,0,1,1,0,0,0,1,0,0
656,656,0,00829000,1,5f,0,10ee8011ee7f11ee,e80b8ce80b8c,ff,1,0,1,1,0,0,0,1,0,0
657,657,0,00829000,1,5f,0,10ee8011ee7f11ee,e80b8ce80b8c,ff,1,0,1,1,0,0,0,1,0,0
658,658,0,00829000,1,5f,0,10ee8011ee7f11ee,e80b8ce80b8c,ff,1,0,1,1,0,0,0,1,0,0
659,659,0,00829000,1,5f,0,10ee8011ee7f11ee,e80b8ce80b8c,ff,1,0,1,1,0,0,0,1,0,0
660,660,0,00829000,1,5f,0,10ee8011ee7f11ee,e80b8ce80b8c,ff,1,0,1,1,0,0,0,1,0,0
661,661,0,00829000,1,5f,0,10ee8011ee7f11ee,e80b8ce80b8c,ff,1,0,1,1,0,0,0,1,0,0
662,662,0,00829000,1,5f,0,10ee8011ee7f11ee,e80b8ce80b8c,ff,1,0,1,1,0,0,0,1,0,0
663,663,0,00829000,1,5f,0,10ee8011ee7f11ee,e80b8ce80b8c,ff,1,0,1,1,0,0,0,1,0,0
664,664,0,00829000,1,5f,0,10ee8011ee7f11ee,e80b8ce80b8c,ff,1,0,1,1,0,0,0,1,0,0
665,665,0,00829000,1,5f,0,10ee8011ee7f11ee,e80b8ce80b8c,ff,1,0,1,1,0,0,0,1,0,0
666,666,0,00829000,1,5f,0,10ee8011ee7f11ee,e80b8ce80b8c,ff,1,0,1,1,0,0,0,1,0,0
667,667,0,00829000,1,5f,0,10ee8011ee7f11ee,e80b8ce80b8c,ff,1,0,1,1,0,0,0,1,0,0
668,668,0,00829000,1,5f,0,10ee8011ee7f11ee,e80b8ce80b8c,ff,1,0,1,1,0,0,0,1,0,0
669,669,0,00829000,1,5f,0,10ee8011ee7f11ee,e80b8ce80b8c,ff,1,0,1,1,0,0,0,1,0,0
670,670,0,00829000,1,5f,0,10ee8011ee7f11ee,e80b8ce80b8c,ff,1,0,1,1,0,0,0,1,0,0
671,671,0,00829000,1,5f,0,10ee8011ee7f11ee,e80b8ce80b8c,ff,1,0,1,1,0,0,0,1,0,0
672,672,0,00829000,1,5f,0,10ee8011ee7f11ee,e80b8ce80b8c,ff,1,0,1,1,0,0,0,1,0,0
673,673,0,00829000,1,5f,0,10ee8011ee7f11ee,e80b8ce80b8c,ff,1,0,1,1,0,0,0,1,0,0
674,674,0,00829000,1,5f,0,10ee8011ee7f11ee,e80b8ce80b8c,ff,1,0,1,1,0,0,0,1,0,0
675,675,0,00829000,1,5f,0,10ee8011ee7f11ee,e80b8ce80b8c,ff,1,0,1,1,0,0,0,1,0,0
676,676,0,00829000,1,5f,0,10ee8011ee7f11ee,e80b8ce80b8c,ff,1,0,1,1,0,0,0,1,0,0
677,677,0,00829000,1,5f,0,10ee8011ee7f11ee,e80b8ce80b8c,ff,1,0,1,1,0,0,0,1,0,0
678,678,0,00829000,1,5f,0,10ee8011ee7f11ee,e80b8ce80b8c,ff,1,0,1,1,0,0,0,1,0,0
679,679,0,00829000,1,5f,0,10ee8011ee7f11ee,e80b8ce80b8c,ff,1,0,1,1,0,0,0,1,0,0
680,680,0,00829000,1,5f,0,10ee8011ee7f11ee,e80b8ce80b8c,ff,1,0,1,1,0,0,0,1,0,0
681,681,0,00829000,1,5f,0,10ee8011ee7f11ee,e80b8ce80b8c,ff,1,0,1,1,0,0,0,1,0,0
682,682,0,00829000,1,5f,0,10ee8011ee7f11ee,e80b8ce80b8c,ff,1,0,1,1,0,0,0,1,0,0
683,683,0,00829000,1,5f,0,10ee8011ee7f11ee,e80b8ce80b8c,ff,1,0,1,1,0,0,0,1,0,0
684,684,0,00829000,1,5f,0,10ee8011ee7f11ee,e80b8ce80b8c,ff,1,0,1,1,0,0,0,1,0,0
685,685,0,00829000,1,5f,0,10ee8011ee7f11ee,e80b8ce80b8c,ff,1,0,1,1,0,0,0,1,0,0
686,686,0,00829000,1,5f,0,10ee8011ee7f11ee,e80b8ce80b8c,ff,1,0,1,1,0,0,0,1,0,0
687,687,0,00829000,1,5f,0,10ee8011ee7f11ee,e80b8ce80b8c,ff,1,0,1,1,0,0,0,1,0,0
688,688,0,00829000,1,5f,0,10ee8011ee7f11ee,e80b8ce80b8c,ff,1,0,1,1,0,0,0,1,0,0
689,689,0,00829000,1,5f,0,10ee8011ee7f11ee,e80b8ce80b8c,ff,1,0,1,1,0,0,0,1,0,0
690,690,0,00829000,1,5f,0,10ee8011ee7f11ee,e80b8ce80b8c,ff,1,0,1,1,0,0,0,1,0,0
691,691,0,00829000,1,5f,0,10ee8011ee7f11ee,e80b8ce80b8c,ff,1,0,1,1,0,0,0,1,0,0
692,692,0,00829000,1,5f,0,10ee8011ee7f11ee,e80b8ce80b8c,ff,1,0,1,1,0,0,0,1,0,0
693,693,0,00829000,1,5f,0,10ee8011ee7f11ee,e80b8ce80b8c,ff,1,0,1,1,0,0,0,1,0,0
694,694,0,00829000,1,5f,0,10ee8011ee7f11ee,e80b8ce80b8c,ff,1,0,1,1,0,0,0,1,0,0
695,695,0,00829000,1,5f,0,10ee8011ee7f11ee,e80b8ce80b8c,ff,1,0,1,1,0,0,0,1,0,0
696,696,0,00829000,1,5f,0,10ee8011ee7f11ee,e80b8ce80b8c,ff,1,0,1,1,0,0,0,1,0,0
697,697,0,00829000,1,5f,0,10ee8011ee7f11ee,e80b8ce80b8c,ff,1,0,1,1,0,0,0,1,0,0
698,698,0,00829000,1,5f,0,10ee8011ee7f11ee,e80b8ce80b8c,ff,1,0,1,1,0,0,0,1,0,0
699,699,0,00829000,1,5f,0,10ee8011ee7f11ee,e80b8ce80b8c,ff,1,0,1,1,0,0,0,1,0,0
700,700,0,00829000,1,5f,0,10ee8011ee7f11ee,e80b8ce80b8c,ff,1,0,1,1,0,0,0,1,0,0
701,701,0,00829000,1,5f,0,10ee8011ee7f11ee,e80b8ce80b8c,ff,1,0,1,1,0,0,0,1,0,0
702,702,0,00829000,1,5f,0,10ee8011ee7f11ee,e80b8ce80b8c,ff,1,0,1,1,0,0,0,1,0,0
703,703,0,00829000,1,5f,0,10ee8011ee7f11ee,e80b8ce80b8c,ff,1,0,1,1,0,0,0,1,0,0
704,704,0,00829000,1,5f,0,10ee8011ee7f11ee,e80b8ce80b8c,ff,1,0,1,1,0,0,0,1,0,0
705,705,0,00829000,1,5f,0,10ee8011ee7f11ee,e80b8ce80b8c,ff,1,0,1,1,0,0,0,1,0,0
706,706,0,00829000,1,5f,0,10ee8011ee7f11ee,e80b8ce80b8c,ff,1,0,1,1,0,0,0,1,0,0
707,707,0,00829000,1,5f,0,10ee8011ee7f11ee,e80b8ce80b8c,ff,1,0,1,1,0,0,0,1,0,0
708,708,0,00829000,1,5f,0,10ee8011ee7f11ee,e80b8ce80b8c,ff,1,0,1,1,0,0,0,1,0,0
709,709,0,00829000,1,5f,0,10ee8011ee7f11ee,e80b8ce80b8c,ff,1,0,1,1,0,0,0,1,0,0
710,710,0,00829000,1,5f,0,10ee8011ee7f11ee,e80b8ce80b8c,ff,1,0,1,1,0,0,0,1,0,0
711,711,0,00829000,1,5f,0,10ee8011ee7f11ee,e80b8ce80b8c,ff,1,0,1,1,0,0,0,1,0,0
712,712,0,00829000,1,5f,0,10ee8011ee7f11ee,e80b8ce80b8c,ff,1,0,1,1,0,0,0,1,0,0
713,713,0,00829000,1,5f,0,10ee8011ee7f11ee,e80b8ce80b8c,ff,1,0,1,1,0,0,0,1,0,0
714,714,0,00829000,1,5f,0,10ee8011ee7f11ee,e80b8ce80b8c,ff,1,0,1,1,0,0,0,1,0,0
715,715,0,00829000,1,5f,0,10ee8011ee7f11ee,e80b8ce80b8c,ff,1,0,1,1,0,0,0,1,0,0
716,716,0,00829000,1,5f,0,10ee8011ee7f11ee,e80b8ce80b8c,ff,1,0,1,1,0,0,0,1,0,0
717,717,0,00829000,1,5f,0,10ee8011ee7f11ee,e80b8ce80b8c,ff,1,0,1,1,0,0,0,1,0,0
718,718,0,00829000,1,5f,0,10ee8011ee7f11ee,e80b8ce80b8c,ff,1,0,1,1,0,0,0,1,0,0
719,719,0,00829000,1,5f,0,10ee8011ee7f11ee,e80b8ce80b8c,ff,1,0,1,1,0,0,0,1,0,0
720,720,0,00829000,1,5f,0,10ee8011ee7f11ee,e80b8ce80b8c,ff,1,0,1,1,0,0,0,1,0,0
721,721,0,00829000,1,5f,0,10ee8011ee7f11ee,e80b8ce80b8c,ff,1,0,1,1,0,0,0,1,0,0
722,722,0,00829000,1,5f,0,10ee8011ee7f11ee,e80b8ce80b8c,ff,1,0,1,1,0,0,0,1,0,0
723,723,0,00829000,1,5f,0,10ee8011ee7f11ee,e80b8ce80b8c,ff,1,0,1,1,0,0,0,1,0,0
724,724,0,00829000,1,5f,0,10ee8011ee7f11ee,e80b8ce80b8c,ff,1,0,1,1,0,0,0,1,0,0
725,725,0,00829000,1,5f,0,10ee8011ee7f11ee,e80b8ce80b8c,ff,1,0,1,1,0,0,0,1,0,0
726,726,0,00829000,1,5f,0,10ee8011ee7f11ee,e80b8ce80b8c,ff,1,0,1,1,0,0,0,1,0,0
727,727,0,00829000,1,5f,0,10ee8011ee7f11ee,e80b8ce80b8c,ff,1,0,1,1,0,0,0,1,0,0
728,728,0,00829000,1,5f,0,10ee8011ee7f11ee,e80b8ce80b8c,ff,1,0,1,1,0,0,1,1,0,0
729,729,0,00829000,1,5f,0,ed8110ee8010ee80,e80b8ce80b8c,ff,1,0,1,1,0,0,1,1,0,0
730,730,0,00829000,1,5f,0,820fed8110ed8110,e80b8ce80b8c,ff,1,0,1,1,0,0,1,1,0,0
731,731,0,00829000,1,5f,0,0fec830fed820fed,e80b8ce80b8c,ff,1,0,1,1,0,0,1,1,0,0
732,732,0,00829000,1,5f,0,ec840eec830fec83,e80b8ce80b8c,ff,1,0,1,1,0,0,1,1,0,0
733,733,0,00829000,1,5f,0,850eeb850eec840e,e80b8ce80b8c,ff,1,0,1,1,0,0,1,1,0,0
734,734,0,00829000,1,5f,0,0deb860eeb850eeb,e80b8ce80b8c,ff,1,0,1,1,0,0,1,1,0,0
735,735,0,00829000,1,5f,0,ea870dea870deb86,e80b8ce80b8c,ff,1,0,1,1,0,0,1,1,0,0
736,736,0,00829000,1,5f,0,880cea880dea870d,e80b8ce80b8c,ff,1,1,1,1,0,0,1,1,0,0
737,737,0,00000000,0,00,0,0ce9890ce9890ce9,e80b8ce80b8c,ff,1,0,0,1,0,0,1,1,0,1
738,738,0,00829800,1,7f,0,e88a0ce98a0ce989,e80b8be80b8b,ff,1,0,1,1,0,0,1,1,0,1
739,739,0,00829800,1,7f,0,8b0be88b0be88a0b,e90c8ae90b8a,ff,1,0,1,1,0,0,1,1,0,1
740,740,0,00829800,1,7f,0,0be78c0be78c0be8,e90c89e90c8a,ff,1,0,1,1,0,0,1,1,0,1
741,741,0,00829800,1,7f,0,e78d0ae78d0ae78c,ea0c89e90c89,ff,1,0,1,1,0,0,1,1,0,1
742,742,0,00829800,1,7f,0,8e0ae68e0ae68e0a,ea0d88ea0c88,ff,1,0,1,1,0,0,1,1,0,1
743,743,0,00829800,1,7f,0,09e58f0ae68f0ae6,eb0d87ea0d87,ff,1,0,1,1,0,0,1,1,0,1
744,744,0,00829800,1,7f,0,e59009e59009e590,eb0d86eb0d87,ff,1,0,1,1,0,0,1,1,0,1
745,745,0,00829800,1,7f,0,9209e49109e49109,eb0e85eb0e86,ff,1,0,1,1,0,0,1,1,0,1
746,746,0,00829800,1,7f,0,08e39208e49209e4,ec0e85ec0e85,ff,1,0,1,1,0,0,1,1,0,1
747,747,0,00829800,1,7f,0,e39308e39308e393,ec0e84ec0e84,ff,1,0,1,1,0,0,1,1,0,1
748,748,0,00829800,1,7f,0,9508e29408e29408,ed0f83ec0f83,ff,1,0,1,1,0,0,1,1,0,1
749,749,0,00829800,1,7f,0,07e19507e29507e2,ed0f82ed0f83,ff,1,0,1,1,0,0,1,1,0,1
750,750,0,00829800,1,7f,0,e19707e19607e196,ed1081ed0f82,ff,1,0,1,1,0,0,1,1,0,1
751,751,0,00829800,1,7f,0,9806e09707e09707,ee1081ee1081,ff,1,0,1,1,0,0,1,1,0,1
752,752,0,00829800,1,7f,0,06df9806e09806e0,ee1080ee1080,ff,1,0,1,1,0,0,1,1,0,1
753,753,0,00829800,1,7f,0,df9a06df9906df99,ef117fee1180,ff,1,0,1,1,0,0,1,1,0,1
754,754,0,00829800,1,7f,0,9b05de9a06de9a06,ef117eef117f,ff,1,0,1,1,0,0,1,1,0,1
755,755,0,00829800,1,7f,0,05dd9c05de9b05de,ef127eef117e,ff,1,0,1,1,0,0,1,1,0,1
756,756,0,00829800,1,7f,0,dc9d05dd9c05dd9c,f0127df0127d,ff,1,0,1,1,0,0,1,1,0,1
757,757,0,00829800,1,7f,0,9e05dc9d05dc9d05,f0127cf0127c,ff,1,0,1,1,0,0,1,1,0,1
758,758,0,00829800,1,7f,0,04db9f04db9e04dc,f1137bf0137c,ff,1,0,1,1,0,0,1,1,0,1
759,759,0,00829800,1,7f,0,daa004db9f04db9f,f1137af1137b,ff,1,0,1,1,0,0,1,1,0,1
760,760,0,00829800,1,7f,0,a104daa104daa004,f1147af1137a,ff,1,0,1,1,0,0,1,1,0,1
761,761,0,00829800,1,7f,0,03d9a204d9a104d9,f21479f11479,ff,1,0,1,1,0,0,1,1,0,1
762,762,0,00829800,1,7f,0,d8a303d8a203d9a2,f21478f21478,ff,1,0,1,1,0,0,1,1,0,1
763,763,0,00829800,1,7f,0,a403d7a403d8a303,f21577f21578,ff,1,0,1,1,0,0,1,1,0,1
764,764,0,00829800,1,7f,0,03d7a503d7a403d7,f31576f31577,ff,1,0,1,1,0,0,1,1,0,1
765,765,0,00829800,1,7f,0,d6a603d6a503d6a5,f31676f31676,ff,1,0,1,1,0,0,1,1,0,1
766,766,0,00829800,1,7f,0,a702d5a702d5a602,f31675f31675,ff,1,0,1,1,0,0,1,1,0,1
767,767,0,00829800,1,7f,0,02d4a802d5a702d5,f41774f41675,ff,1,0,1,1,0,0,1,1,0,1
768,768,0,00829800,1,7f,0,d3a902d4a802d4a8,f41773f41774,ff,1,0,1,1,0,0,1,1,0,1
769,769,0,00829800,1,7f,0,aa02d3aa02d3a902,f41873f41773,ff,1,0,1,1,0,0,1,1,0,1
770,770,0,00829800,1,7f,0,01d2ab02d2aa02d3,f51872f51872,ff,1,0,1,1,0,0,1,1,0,1
771,771,0,00829800,1,7f,0,d1ac01d1ab01d2ab,f51871f51871,ff,1,0,1,1,0,0,1,1,0,1
772,772,0,00829800,1,7f,0,ad01d0ac01d1ac01,f51970f51971,ff,1,0,1,1,0,0,1,1,0,1
773,773,0,00829800,1,7f,0,01cfae01d0ad01d0,f6196ff51970,ff,1,0,1,1,0,0,1,1,0,1
774,774,0,00829800,1,7f,0,cfaf01cfae01cfae,f61a6ff61a6f,ff,1,0,1,1,0,0,1,1,0,1
775,775,0,00829800,1,7f,0,b001ceaf01ceaf01,f61a6ef61a6e,ff,1,0,1,1,0,0,1,1,0,1
776,776,0,00829800,1,7f,0,01cdb001cdb001ce,f61b6df61b6d,ff,1,0,1,1,0,0,1,1,0,1
777,777,0,00829800,1,7f,0,ccb200ccb100cdb1,f71b6cf71b6d,ff,1,0,1,1,0,0,1,1,0,1
778,778,0,00829800,1,7f,0,b300cbb200ccb200,f71c6cf71c6c,ff,1,0,1,1,0,0,1,1,0,1
779,779,0,00829800,1,7f,0,00cab300cbb300cb,f71c6bf71c6b,ff,1,0,1,1,0,0,1,1,0,1
780,780,0,00829800,1,7f,0,cab400cab400cab4,f81d6af71d6a,ff,1,0,1,1,0,0,1,1,0,1
781,781,0,00829800,1,7f,0,b600c9b500c9b500,f81d69f81d6a,ff,1,0,1,1,0,0,1,1,0,1
782,782,0,00829800,1,7f,0,00c8b600c8b600c9,f81e68f81e69,ff,1,0,1,1,0,0,1,1,0,1
783,783,0,00829800,1,7f,0,c7b700c7b700c8b7,f81e68f81e68,ff,1,0,1,1,0,0,1,1,0,1
784,784,0,00829800,1,7f,0,b800c6b800c7b800,f91f67f91f67,ff,1,0,1,1,0,0,1,1,0,1
785,785,0,00829800,1,7f,0,00c5b900c6b900c6,f91f66f91f67,ff,1,0,1,1,0,0,1,1,0,1
786,786,0,00829800,1,7f,0,c4ba00c5ba00c5b9,f92065f92066,ff,1,0,1,1,0,0,1,1,0,1
787,787,0,00829800,1,7f,0,bb00c4bb00c4ba00,f92065f92065,ff,1,0,1,1,0,0,1,1,0,1
788,788,0,00829800,1,7f,0,00c3bc00c3bb00c3,fa2164fa2164,ff,1,0,1,1,0,0,1,1,0,1
789,789,0,00829800,1,7f,0,c2bd00c2bd00c2bc,fa2163fa2163,ff,1,0,1,1,0,0,1,1,0,1
790,790,0,00829800,1,7f,0,be00c1be00c1bd00,fa2262fa2263,ff,1,0,1,1,0,0,1,1,0,1
791,791,0,00829800,1,7f,0,00c0bf00c0be00c1,fa2362fa2262,ff,1,0,1,1,0,0,1,1,0,1
792,792,0,00829800,1,7f,0,bfc000bfbf00c0bf,fb2361fa2361,ff,1,0,1,1,0,0,1,1,0,1
793,793,0,00829800,1,7f,0,c100bec000bfc000,fb2460fb2360,ff,1,0,1,1,0,0,1,1,0,1
794,794,0,00829800,1,7f,0,00bdc100bec100be,fb245ffb2460,ff,1,0,1,1,0,0,1,1,0,1
795,795,0,00829800,1,7f,0,bcc200bdc200bdc2,fb255efb245f,ff,1,0,1,1,0,0,1,1,0,1
796,796,0,00829800,1,7f,0,c300bbc300bcc300,fb255efb255e,ff,1,0,1,1,0,0,1,1,0,1
797,797,0,00829800,1,7f,0,00bac400bbc400bb,fc265dfb265d,ff,1,0,1,1,0,0,1,1,0,1
798,798,0,00829800,1,7f,0,b9c500bac500bac4,fc265cfc265d,ff,1,0,1,1,0,0,1,1,0,1
799,799,0,00829800,1,7f,0,c600b9c600b9c500,fc275bfc275c,ff,1,0,1,1,0,0,1,1,0,1
800,800,0,00829800,1,7f,0,00b8c700b8c600b8,fc285bfc275b,ff,1,0,1,1,0,0,1,1,0,1
801,801,0,00829800,1,7f,0,b7c800b7c700b7c7,fc285afc285a,ff,1,0,1,1,0,0,1,1,0,1
802,802,0,00829800,1,7f,0,c900b6c800b6c800,fc2959fc285a,ff,1,0,1,1,0,0,1,1,0,1
803,803,0,00829800,1,7f,0,00b5c900b5c900b6,fd2958fd2959,ff,1,0,1,1,0,0,1,1,0,1
804,804,0,00829800,1,7f,0,b4ca00b4ca00b4ca,fd2a58fd2a58,ff,1,0,1,1,0,0,1,1,0,1
805,805,0,00829800,1,7f,0,cb00b3cb00b3ca00,fd2a57fd2a57,ff,1,0,1,1,0,0,1,1,0,1
806,806,0,00829800,1,7f,0,00b2cc00b2cb00b3,fd2b56fd2b57,ff,1,0,1,1,0,0,1,1,0,1
807,807,0,00829800,1,7f,0,b1cd01b1cc00b2cc,fd2c55fd2b56,ff,1,0,1,1,0,0,1,1,0,1
808,808,0,00829800,1,7f,0,ce01b0cd01b0cd01,fd2c55fd2c55,ff,1,0,1,1,0,0,1,1,0,1
809,809,0,00829800,1,7f,0,01afce01afce01b0,fe2d54fd2c54,ff,1,0,1,1,0,0,1,1,0,1
810,810,0,00829800,1,7f,0,aecf01aecf01afcf,fe2d53fe2d54,ff,1,0,1,1,0,0,1,1,0,1
811,811,0,00829800,1,7f,0,d001add001aecf01,fe2e53fe2e53,ff,1,0,1,1,0,0,1,1,0,1
812,812,0,00829800,1,7f,0,01acd101acd001ad,fe2f52fe2e52,ff,1,0,1,1,0,0,1,1,0,1
813,813,0,00829800,1,7f,0,abd201abd101acd1,fe2f51fe2f51,ff,1,0,1,1,0,0,1,1,0,1
814,814,0,00829800,1,7f,0,d302aad202abd202,fe3050fe3051,ff,1,0,1,1,0,0,1,1,0,1
815,815,0,00829800,1,7f,0,02a9d302aad302aa,fe3050fe3050,ff,1,0,1,1,0,0,1,1,0,1
816,816,0,00829800,1,7f,0,a8d402a8d402a9d3,fe314ffe314f,ff,1,0,1,1,0,0,1,1,0,1
817,817,0,00829800,1,7f,0,d502a7d502a8d402,fe324efe314f,ff,1,0,1,1,0,0,1,1,0,1
818,818,0,00829800,1,7f,0,03a6d502a7d502a7,ff324dff324e,ff,1,0,1,1,0,0,1,1,0,1
819,819,0,00829800,1,7f,0,a5d603a5d603a6d6,ff334dff334d,ff,1,0,1,1,0,0,1,1,0,1
820,820,0,00829800,1,7f,0,d703a4d703a5d703,ff344cff334c,ff,1,0,1,1,0,0,1,1,0,1
821,821,0,00829800,1,7f,0,03a3d803a4d703a4,ff344bff344c,ff,1,0,1,1,0,0,1,1,0,1
822,822,0,00829800,1,7f,0,a2d903a2d803a3d8,ff354bff354b,ff,1,0,1,1,0,0,1,1,0,1
823,823,0,00829800,1,7f,0,d904a1d904a2d904,ff354aff354a,ff,1,0,1,1,0,0,1,1,0,1
824,824,0,00829800,1,7f,0,04a0da04a1da04a1,ff3649ff3649,ff,1,0,1,1,0,0,1,1,0,1
825,825,0,00829800,1,7f,0,9fdb049fdb04a0da,ff3748ff3649,ff,1,0,1,1,0,0,1,1,0,1
826,826,0,00829800,1,7f,0,dc059edb049fdb04,ff3748ff3748,ff,1,0,1,1,0,0,1,1,0,1
827,827,0,00829800,1,7f,0,059ddc059ddc059e,ff3847ff3847,ff,1,0,1,1,0,0,1,1,0,1
828,828,0,00829800,1,7f,0,9cdd059cdd059ddc,ff3946ff3847,ff,1,0,1,1,0,0,1,1,0,1
829,829,0,00829800,1,7f,0,de059bde059cdd05,ff3946ff3946,ff,1,0,1,1,0,0,1,1,0,1
830,830,0,00829800,1,7f,0,069ade069ade069b,ff3a45ff3a45,ff,1,0,1,1,0,0,1,1,0,1
831,831,0,00829800,1,7f,0,99df0699df069adf,ff3b44ff3a45,ff,1,0,1,1,0,0,1,1,0,1
832,832,0,00829800,1,7f,0,e00698e00698df06,ff3b44ff3b44,ff,1,0,1,1,0,0,1,1,0,1
833,833,0,00829800,1,7f,0,0797e00797e00798,ff3c43ff3c43,ff,1,0,1,1,0,0,1,1,0,1
834,834,0,00829800,1,7f,0,96e10796e10797e1,ff3d42ff3c42,ff,1,0,1,1,0,0,1,1,0,1
835,835,0,00829800,1,7f,0,e20895e20795e107,ff3d41ff3d42,ff,1,0,1,1,0,0,1,1,0,1
836,836,0,00829800,1,7f,0,0894e20894e20895,ff3e41ff3e41,ff,1,0,1,1,0,0,1,1,0,1
837,837,0,00829800,1,7f,0,93e30893e30893e3,ff3f40ff3e40,ff,1,0,1,1,0,0,1,1,0,1
838,838,0,00829800,1,7f,0,e40992e40992e308,ff3f3fff3f40,ff,1,0,1,1,0,0,1,1,0,1
839,839,0,00829800,1,7f,0,0991e40991e40992,ff403fff403f,ff,1,0,1,1,0,0,1,1,0,1
840,840,0,00829800,1,7f,0,90e50990e50990e5,ff413eff403e,ff,1,0,1,1,0,0,1,1,0,1
841,841,0,00829800,1,7f,0,e60a8fe60a8fe50a,ff413dff413e,ff,1,0,1,1,0,0,1,1,0,1
842,842,0,00829800,1,7f,0,0a8ee60a8ee60a8e,ff423dff423d,ff,1,0,1,1,0,0,1,1,0,1
843,843,0,00829800,1,7f,0,8ce70b8de70a8de7,ff433cff423c,ff,1,0,1,1,0,0,1,1,0,1
844,844,0,00829800,1,7f,0,e80b8ce70b8ce70b,ff443bff433c,ff,1,0,1,1,0,0,1,1,0,1
845,845,0,00829800,1,7f,0,0c8ae80b8be80b8b,ff443bff443b,ff,1,0,1,1,0,0,1,1,0,1
846,846,0,00829800,1,7f,0,89e90c8ae90c8ae8,ff453aff453a,ff,1,0,1,1,0,0,1,1,0,1
847,847,0,00829800,1,7f,0,e90c89e90c89e90c,ff4639ff453a,ff,1,0,1,1,0,0,1,1,0,1
848,848,0,00829800,1,7f,0,0d87ea0d88ea0d88,ff4639ff4639,ff,1,0,1,1,0,0,1,1,0,1
849,849,0,00829800,1,7f,0,86eb0d87ea0d87ea,ff4738ff4738,ff,1,0,1,1,0,0,1,1,0,1
850,850,0,00829800,1,7f,0,eb0e85eb0e86eb0e,ff4837ff4738,ff,1,0,1,1,0,0,1,1,0,1
851,851,0,00829800,1,7f,0,0e84ec0e85eb0e85,ff4837ff4837,ff,1,0,1,1,0,0,1,1,0,1
852,852,0,00829800,1,7f,0,83ec0f83ec0f84ec,ff4936ff4936,ff,1,0,1,1,0,0,1,1,0,1
853,853,0,00829800,1,7f,0,ed0f82ed0f83ec0f,ff4a35ff4936,ff,1,0,1,1,0,0,1,1,0,1
854,854,0,00829800,1,7f,0,1081ed1081ed1082,ff4b35ff4a35,ff,1,0,1,1,0,0,1,1,0,1
855,855,0,00829800,1,7f,0,80ee1080ee1081ed,ff4b34ff4b35,ff,1,0,1,1,0,1,1,1,0,1
856,856,0,00829800,1,7f,0,ee117fee1180ee11,ff4c34ff4c34,ff,1,0,1,1,0,0,0,1,0,1
857,857,0,00829800,1,7f,0,ee117fee1180ee11,ff4d33ff4c33,ff,1,0,1,1,0,0,0,1,0,1
858,858,0,00829800,1,7f,0,ee117fee1180ee11,fe4d32ff4d33,ff,1,0,1,1,0,0,0,1,0,1
859,859,0,00829800,1,7f,0,ee117fee1180ee11,fe4e32fe4e32,ff,1,0,1,1,0,0,0,1,0,1
860,860,0,00829800,1,7f,0,ee117fee1180ee11,fe4f31fe4f31,ff,1,0,1,1,0,0,0,1,0,1
861,861,0,00829800,1,7f,0,ee117fee1180ee11,fe5030fe4f31,ff,1,0,1,1,0,0,0,1,0,1
862,862,0,00829800,1,7f,0,ee117fee1180ee11,fe5030fe5030,ff,1,0,1,1,0,0,0,1,0,1
863,863,0,00829800,1,7f,0,ee117fee1180ee11,fe512ffe5130,ff,1,0,1,1,0,0,0,1,0,1
864,864,0,00829800,1,7f,0,ee117fee1180ee11,fe522ffe512f,ff,1,0,1,1,0,0,0,1,0,1
865,865,0,00829800,1,7f,0,ee117fee1180ee11,fe532efe522e,ff,1,0,1,1,0,0,0,1,0,1
866,866,0,00829800,1,7f,0,ee117fee1180ee11,fe532dfe532e,ff,1,0,1,1,0,0,0,1,0,1
867,867,0,00829800,1,7f,0,ee117fee1180ee11,fd542dfd542d,ff,1,0,1,1,0,0,0,1,0,1
868,868,0,00829800,1,7f,0,ee117fee1180ee11,fd552cfd542c,ff,1,0,1,1,0,0,0,1,0,1
869,869,0,00829800,1,7f,0,ee117fee1180ee11,fd552cfd552c,ff,1,0,1,1,0,0,0,1,0,1
870,870,0,00829800,1,7f,0,ee117fee1180ee11,fd562bfd562b,ff,1,0,1,1,0,0,0,1,0,1
871,871,0,00829800,1,7f,0,ee117fee1180ee11,fd572afd572b,ff,1,0,1,1,0,0,0,1,0,1
872,872,0,00829800,1,7f,0,ee117fee1180ee11,fd582afd572a,ff,1,0,1,1,1,0,0,1,0,1
873,873,0,00829800,1,7f,0,ee117fee1180ee11,fc5829fd582a,ff,1,0,1,1,0,0,0,1,0,1
874,874,0,00829800,1,7f,0,ee117fee1180ee11,fc5929fc5929,ff,1,0,1,1,0,0,0,1,0,1
875,875,0,00829800,1,7f,0,ee117fee1180ee11,fc5a28fc5a28,ff,1,0,1,1,0,0,0,1,0,1
876,876,0,00829800,1,7f,0,ee117fee1180ee11,fc5b28fc5a28,ff,1,0,1,1,0,0,0,1,0,1
877,877,0,00829800,1,7f,0,ee117fee1180ee11,fc5b27fc5b27,ff,1,0,1,1,0,0,0,1,0,1
878,878,0,00829800,1,7f,0,ee117fee1180ee11,fc5c26fc5c27,ff,1,0,1,1,0,0,0,1,0,1
879,879,0,00829800,1,7f,0,ee117fee1180ee11,fb5d26fb5d26,ff,1,0,1,1,0,0,0,1,0,1
880,880,0,00829800,1,7f,0,ee117fee1180ee11,fb5e25fb5d26,ff,1,0,1,1,0,0,0,1,0,1
881,881,0,00829800,1,7f,0,ee117fee1180ee11,fb5e25fb5e25,ff,1,0,1,1,0,0,0,1,0,1
882,882,0,00829800,1,7f,0,ee117fee1180ee11,fb5f24fb5f24,ff,1,0,1,1,0,0,0,1,0,1
883,883,0,00829800,1,7f,0,ee117fee1180ee11,fb6024fb6024,ff,1,0,1,1,0,0,0,1,0,1
884,884,0,00829800,1,7f,0,ee117fee1180ee11,fa6123fa6023,ff,1,0,1,1,0,0,0,1,0,1
885,885,0,00829800,1,7f,0,ee117fee1180ee11,fa6223fa6123,ff,1,0,1,1,0,0,0,1,0,1
886,886,0,00829800,1,7f,0,ee117fee1180ee11,fa6222fa6222,ff,1,0,1,1,0,0,0,1,0,1
887,887,0,00829800,1,7f,0,ee117fee1180ee11,fa6321fa6322,ff,1,0,1,1,0,0,0,1,0,1
888,888,0,00829800,1,7f,0,ee117fee1180ee11,f96421fa6321,ff,1,0,1,1,0,0,0,1,0,1
889,889,0,00829800,1,7f,0,ee117fee1180ee11,f96520f96421,ff,1,0,1,1,0,0,0,1,0,1
890,890,0,00829800,1,7f,0,ee117fee1180ee11,f96520f96520,ff,1,0,1,1,0,0,0,1,0,1
891,891,0,00829800,1,7f,0,ee117fee1180ee11,f9661ff96620,ff,1,0,1,1,0,0,0,1,0,1
892,892,0,00829800,1,7f,0,ee117fee1180ee11,f8671ff9671f,ff,1,0,1,1,0,0,0,1,0,1
893,893,0,00829800,1,7f,0,ee117fee1180ee11,f8681ef8671f,ff,1,0,1,1,0,0,0,1,0,1
894,894,0,00829800,1,7f,0,ee117fee1180ee11,f8681ef8681e,ff,1,0,1,1,0,0,0,1,0,1
895,895,0,00829800,1,7f,0,ee117fee1180ee11,f8691df8691e,ff,1,0,1,1,0,0,0,1,0,1
896,896,0,00829800,1,7f,0,ee117fee1180ee11,f76a1df76a1d,ff,1,0,1,1,0,0,0,1,0,1
897,897,0,00829800,1,7f,0,ee117fee1180ee11,f76b1cf76a1d,ff,1,0,1,1,0,0,0,1,0,1
898,898,0,00829800,1,7f,0,ee117fee1180ee11,f76c1cf76b1c,ff,1,0,1,1,0,0,0,1,0,1
899,899,0,00829800,1,7f,0,ee117fee1180ee11,f66c1bf76c1c,ff,1,0,1,1,0,0,0,1,0,1
900,900,0,00829800,1,7f,0,ee117fee1180ee11,f66d1bf66d1b,ff,1,0,1,1,0,0,0,1,0,1
901,901,0,00829800,1,7f,0,ee117fee1180ee11,f66e1af66d1b,ff,1,0,1,1,0,0,0,1,0,1
902,902,0,00829800,1,7f,0,ee117fee1180ee11,f66f1af66e1a,ff,1,0,1,1,0,0,0,1,0,1
903,903,0,00829800,1,7f,0,ee117fee1180ee11,f56f19f56f1a,ff,1,0,1,1,0,0,0,1,0,1
904,904,0,00829800,1,7f,0,ee117fee1180ee11,f57019f57019,ff,1,0,1,1,0,0,0,1,0,1
905,905,0,00829800,1,7f,0,ee117fee1180ee11,f57118f57119,ff,1,0,1,1,0,0,0,1,0,1
906,906,0,00829800,1,7f,0,ee117fee1180ee11,f47218f57118,ff,1,0,1,1,0,0,0,1,0,1
907,907,0,00829800,1,7f,0,ee117fee1180ee11,f47318f47218,ff,1,0,1,1,0,0,0,1,0,1
908,908,0,00829800,1,7f,0,ee117fee1180ee11,f47317f47317,ff,1,0,1,1,0,0,0,1,0,1
909,909,0,00829800,1,7f,0,ee117fee1180ee11,f37417f47417,ff,1,0,1,1,0,0,0,1,0,0
910,910,0,00829800,1,7f,0,ee117fee1180ee11,f37417f47417,ff,1,0,1,1,0,0,0,1,0,0
911,911,0,00829800,1,7f,0,ee117fee1180ee11,f37417f47417,ff,1,0,1,1,0,0,0,1,0,0
912,912,0,00829800,1,7f,0,ee117fee1180ee11,f37417f47417,ff,1,0,1,1,0,0,0,1,0,0
913,913,0,00829800,1,7f,0,ee117fee1180ee11,f37417f47417,ff,1,0,1,1,0,0,0,1,0,0
914,914,0,00829800,1,7f,0,ee117fee1180ee11,f37417f47417,ff,1,0,1,1,0,0,0,1,0,0
915,915,0,00829800,1,7f,0,ee117fee1180ee11,f37417f47417,ff,1,0,1,1,0,0,0,1,0,0
916,916,0,00829800,1,7f,0,ee117fee1180ee11,f37417f47417,ff,1,0,1,1,0,0,0,1,0,0
917,917,0,00829800,1,7f,0,ee117fee1180ee11,f37417f47417,ff,1,0,1,1,0,0,0,1,0,0
918,918,0,00829800,1,7f,0,ee117fee1180ee11,f37417f47417,ff,1,0,1,1,0,0,0,1,0,0
919,919,0,00829800,1,7f,0,ee117fee1180ee11,f37417f47417,ff,1,0,1,1,0,0,0,1,0,0
920,920,0,00829800,1,7f,0,ee117fee1180ee11,f37417f47417,ff,1,0,1,1,0,0,0,1,0,0
921,921,0,00829800,1,7f,0,ee117fee1180ee11,f37417f47417,ff,1,0,1,1,0,0,0,1,0,0
922,922,0,00829800,1,7f,0,ee117fee1180ee11,f37417f47417,ff,1,0,1,1,0,0,0,1,0,0
923,923,0,00829800,1,7f,0,ee117fee1180ee11,f37417f47417,ff,1,0,1,1,0,0,0,1,0,0
924,924,0,00829800,1,7f,0,ee117fee1180ee11,f37417f47417,ff,1,0,1,1,0,0,0,1,0,0
925,925,0,00829800,1,7f,0,ee117fee1180ee11,f37417f47417,ff,1,0,1,1,0,0,0,1,0,0
926,926,0,00829800,1,7f,0,ee117fee1180ee11,f37417f47417,ff,1,0,1,1,0,0,0,1,0,0
927,927,0,00829800,1,7f,0,ee117fee1180ee11,f37417f47417,ff,1,0,1,1,0,0,0,1,0,0
928,928,0,00829800,1,7f,0,ee117fee1180ee11,f37417f47417,ff,1,0,1,1,0,0,0,1,0,0
929,929,0,00829800,1,7f,0,ee117fee1180ee11,f37417f47417,ff,1,0,1,1,0,0,0,1,0,0
930,930,0,00829800,1,7f,0,ee117fee1180ee11,f37417f47417,ff,1,0,1,1,0,0,0,1,0,0
931,931,0,00829800,1,7f,0,ee117fee1180ee11,f37417f47417,ff,1,0,1,1,0,0,0,1,0,0
932,932,0,00829800,1,7f,0,ee117fee1180ee11,f37417f47417,ff,1,0,1,1,0,0,0,1,0,0
933,933,0,00829800,1,7f,0,ee117fee1180ee11,f37417f47417,ff,1,0,1,1,0,0,0,1,0,0
934,934,0,00829800,1,7f,0,ee117fee1180ee11,f37417f47417,ff,1,0,1,1,0,0,0,1,0,0
935,935,0,00829800,1,7f,0,ee117fee1180ee11,f37417f47417,ff,1,0,1,1,0,0,0,1,0,0
936,936,0,00829800,1,7f,0,ee117fee1180ee11,f37417f47417,ff,1,0,1,1,0,0,0,1,0,0
937,937,0,00829800,1,7f,0,ee117fee1180ee11,f37417f47417,ff,1,0,1,1,0,0,0,1,0,0
938,938,0,00829800,1,7f,0,ee117fee1180ee11,f37417f47417,ff,1,0,1,1,0,0,0,1,0,0
939,939,0,00829800,1,7f,0,ee117fee1180ee11,f37417f47417,ff,1,0,1,1,0,0,0,1,0,0
940,940,0,00829800,1,7f,0,ee117fee1180ee11,f37417f47417,ff,1,0,1,1,0,0,0,1,0,0
941,941,0,00829800,1,7f,0,ee117fee1180ee11,f37417f47417,ff,1,0,1,1,0,0,0,1,0,0
942,942,0,00829800,1,7f,0,ee117fee1180ee11,f37417f47417,ff,1,0,1,1,0,0,0,1,0,0
943,943,0,00829800,1,7f,0,ee117fee1180ee11,f37417f47417,ff,1,0,1,1,0,0,0,1,0,0
944,944,0,00829800,1,7f,0,ee117fee1180ee11,f37417f47417,ff,1,0,1,1,0,0,0,1,0,0
945,945,0,00829800,1,7f,0,ee117fee1180ee11,f37417f47417,ff,1,0,1,1,0,0,0,1,0,0
946,946,0,00829800,1,7f,0,ee117fee1180ee11,f37417f47417,ff,1,0,1,1,0,0,0,1,0,0
947,947,0,00829800,1,7f,0,ee117fee1180ee11,f37417f47417,ff,1,0,1,1,0,0,0,1,0,0
948,948,0,00829800,1,7f,0,ee117fee1180ee11,f37417f47417,ff,1,0,1,1,0,0,0,1,0,0
949,949,0,00829800,1,7f,0,ee117fee1180ee11,f37417f47417,ff,1,0,1,1,0,0,0,1,0,0
950,950,0,00829800,1,7f,0,ee117fee1180ee11,f37417f47417,ff,1,0,1,1,0,0,0,1,0,0
951,951,0,00829800,1,7f,0,ee117fee1180ee11,f37417f47417,ff,1,0,1,1,0,0,0,1,0,0
952,952,0,00829800,1,7f,0,ee117fee1180ee11,f37417f47417,ff,1,0,1,1,0,0,0,1,0,0
953,953,0,00829800,1,7f,0,ee117fee1180ee11,f37417f47417,ff,1,0,1,1,0,0,0,1,0,0
954,954,0,00829800,1,7f,0,ee117fee1180ee11,f37417f47417,ff,1,0,1,1,0,0,0,1,0,0
955,955,0,00829800,1,7f,0,ee117fee1180ee11,f37417f47417,ff,1,0,1,1,0,0,0,1,0,0
956,956,0,00829800,1,7f,0,ee117fee1180ee11,f37417f47417,ff,1,0,1,1,0,0,0,1,0,0
957,957,0,00829800,1,7f,0,ee117fee1180ee11,f37417f47417,ff,1,0,1,1,0,0,0,1,0,0
958,958,0,00829800,1,7f,0,ee117fee1180ee11,f37417f47417,ff,1,0,1,1,0,0,0,1,0,0
959,959,0,00829800,1,7f,0,ee117fee1180ee11,f37417f47417,ff,1,0,1,1,0,0,0,1,0,0
960,960,0,00829800,1,7f,0,ee117fee1180ee11,f37417f47417,ff,1,0,1,1,0,0,0,1,0,0
961,961,0,00829800,1,7f,0,ee117fee1180ee11,f37417f47417,ff,1,0,1,1,0,0,0,1,0,0
962,962,0,00829800,1,7f,0,ee117fee1180ee11,f37417f47417,ff,1,0,1,1,0,0,0,1,0,0
963,963,0,00829800,1,7f,0,ee117fee1180ee11,f37417f47417,ff,1,0,1,1,0,0,0,1,0,0
964,964,0,00829800,1,7f,0,ee117fee1180ee11,f37417f47417,ff,1,0,1,1,0,0,0,1,0,0
965,965,0,00829800,1,7f,0,ee117fee1180ee11,f37417f47417,ff,1,0,1,1,0,0,0,1,0,0
966,966,0,00829800,1,7f,0,ee117fee1180ee11,f37417f47417,ff,1,0,1,1,0,0,0,1,0,0
967,967,0,00829800,1,7f,0,ee117fee1180ee11,f37417f47417,ff,1,0,1,1,0,0,0,1,0,0
968,968,0,00829800,1,7f,0,ee117fee1180ee11,f37417f47417,ff,1,0,1,1,0,0,0,1,0,0
969,969,0,00829800,1,7f,0,ee117fee1180ee11,f37417f47417,ff,1,0,1,1,0,0,0,1,0,0
970,970,0,00829800,1,7f,0,ee117fee1180ee11,f37417f47417,ff,1,0,1,1,0,0,0,1,0,0
971,971,0,00829800,1,7f,0,ee117fee1180ee11,f37417f47417,ff,1,0,1,1,0,0,0,1,0,0
972,972,0,00829800,1,7f,0,ee117fee1180ee11,f37417f47417,ff,1,0,1,1,0,0,0,1,0,0
973,973,0,00829800,1,7f,0,ee117fee1180ee11,f37417f47417,ff,1,0,1,1,0,0,0,1,0,0
974,974,0,00829800,1,7f,0,ee117fee1180ee11,f37417f47417,ff,1,0,1,1,0,0,0,1,0,0
975,975,0,00829800,1,7f,0,ee117fee1180ee11,f37417f47417,ff,1,0,1,1,0,0,0,1,0,0
976,976,0,00829800,1,7f,0,ee117fee1180ee11,f37417f47417,ff,1,0,1,1,0,0,0,1,0,0
977,977,0,00829800,1,7f,0,ee117fee1180ee11,f37417f47417,ff,1,0,1,1,0,0,0,1,0,0
978,978,0,00829800,1,7f,0,ee117fee1180ee11,f37417f47417,ff,1,0,1,1,0,0,0,1,0,0
979,979,0,00829800,1,7f,0,ee117fee1180ee11,f37417f47417,ff,1,0,1,1,0,0,0,1,0,0
980,980,0,00829800,1,7f,0,ee117fee1180ee11,f37417f47417,ff,1,0,1,1,0,0,0,1,0,0
981,981,0,00829800,1,7f,0,ee117fee1180ee11,f37417f47417,ff,1,0,1,1,0,0,0,1,0,0
982,982,0,00829800,1,7f,0,ee117fee1180ee11,f37417f47417,ff,1,0,1,1,0,0,0,1,0,0
983,983,0,00829800,1,7f,0,ee117fee1180ee11,f37417f47417,ff,1,0,1,1,0,0,0,1,0,0
984,984,0,00829800,1,7f,0,ee117fee1180ee11,f37417f47417,ff,1,0,1,1,0,0,0,1,0,0
985,985,0,00829800,1,7f,0,ee117fee1180ee11,f37417f47417,ff,1,0,1,1,0,0,0,1,0,0
986,986,0,00829800,1,7f,0,ee117fee1180ee11,f37417f47417,ff,1,0,1,1,0,0,0,1,0,0
987,987,0,00829800,1,7f,0,ee117fee1180ee11,f37417f47417,ff,1,0,1,1,0,0,0,1,0,0
988,988,0,00829800,1,7f,0,ee117fee1180ee11,f37417f47417,ff,1,0,1,1,0,0,0,1,0,0
989,989,0,00829800,1,7f,0,ee117fee1180ee11,f37417f47417,ff,1,0,1,1,0,0,0,1,0,0
990,990,0,00829800,1,7f,0,ee117fee1180ee11,f37417f47417,ff,1,0,1,1,0,0,0,1,0,0
991,991,0,00829800,1,7f,0,ee117fee1180ee11,f37417f47417,ff,1,0,1,1,0,0,0,1,0,0
992,992,0,00829800,1,7f,0,ee117fee1180ee11,f37417f47417,ff,1,0,1,1,0,0,0,1,0,0
993,993,0,00829800,1,7f,0,ee117fee1180ee11,f37417f47417,ff,1,0,1,1,0,0,0,1,0,0
994,994,0,00829800,1,7f,0,ee117fee1180ee11,f37417f47417,ff,1,0,1,1,0,0,0,1,0,0
995,995,0,00829800,1,7f,0,ee117fee1180ee11,f37417f47417,ff,1,0,1,1,0,0,0,1,0,0
996,996,0,00829800,1,7f,0,ee117fee1180ee11,f37417f47417,ff,1,0,1,1,0,0,0,1,0,0
997,997,0,00829800,1,7f,0,ee117fee1180ee11,f37417f47417,ff,1,0,1,1,0,0,0,1,0,0
998,998,0,00829800,1,7f,0,ee117fee1180ee11,f37417f47417,ff,1,0,1,1,0,0,0,1,0,0
999,999,0,00829800,1,7f,0,ee117fee1180ee11,f37417f47417,ff,1,0,1,1,0,0,0,1,0,0
1000,1000,0,00829800,1,7f,0,ee117fee1180ee11,f37417f47417,ff,1,0,1,1,0,0,0,1,0,0
1001,1001,0,00829800,1,7f,0,ee117fee1180ee11,f37417f47417,ff,1,0,1,1,0,0,0,1,0,0
1002,1002,0,00829800,1,7f,0,ee117fee1180ee11,f37417f47417,ff,1,0,1,1,0,0,0,1,0,0
1003,1003,0,00829800,1,7f,0,ee117fee1180ee11,f37417f47417,ff,1,0,1,1,0,0,0,1,0,0
1004,1004,0,00829800,1,7f,0,ee117fee1180ee11,f37417f47417,ff,1,0,1,1,0,0,0,1,0,0
1005,1005,0,00829800,1,7f,0,ee117fee1180ee11,f37417f47417,ff,1,0,1,1,0,0,0,1,0,0
1006,1006,0,00829800,1,7f,0,ee117fee1180ee11,f37417f47417,ff,1,0,1,1,0,0,0,1,0,0
1007,1007,0,00829800,1,7f,0,ee117fee1180ee11,f37417f47417,ff,1,0,1,1,0,0,0,1,0,0
1008,1008,0,00829800,1,7f,0,ee117fee1180ee11,f37417f47417,ff,1,0,1,1,0,0,0,1,0,0
1009,1009,0,00829800,1,7f,0,ee117fee1180ee11,f37417f47417,ff,1,0,1,1,0,0,0,1,0,0
1010,1010,0,00829800,1,7f,0,ee117fee1180ee11,f37417f47417,ff,1,0,1,1,0,0,0,1,0,0
1011,1011,0,00829800,1,7f,0,ee117fee1180ee11,f37417f47417,ff,1,0,1,1,0,0,0,1,0,0
1012,1012,0,00829800,1,7f,0,ee117fee1180ee11,f37417f47417,ff,1,0,1,1,0,0,0,1,0,0
1013,1013,0,00829800,1,7f,0,ee117fee1180ee11,f37417f47417,ff,1,0,1,1,0,0,0,1,0,0
1014,1014,0,00829800,1,7f,0,ee117fee1180ee11,f37417f47417,ff,1,0,1,1,0,0,0,1,0,0
1015,1015,0,00829800,1,7f,0,ee117fee1180ee11,f37417f47417,ff,1,0,1,1,0,0,0,1,0,0
1016,1016,0,00829800,1,7f,0,ee117fee1180ee11,f37417f47417,ff,1,0,1,1,0,0,0,1,0,0
1017,1017,0,00829800,1,7f,0,ee117fee1180ee11,f37417f47417,ff,1,0,1,1,0,0,0,1,0,0
1018,1018,0,00829800,1,7f,0,ee117fee1180ee11,f37417f47417,ff,1,0,1,1,0,0,0,1,0,0
1019,1019,0,00829800,1,7f,0,ee117fee1180ee11,f37417f47417,ff,1,0,1,1,0,0,0,1,0,0
1020,1020,0,00829800,1,7f,0,ee117fee1180ee11,f37417f47417,ff,1,0,1,1,0,0,0,1,0,0
1021,1021,0,00829800,1,7f,0,ee117fee1180ee11,f37417f47417,ff,1,0,1,1,0,0,0,1,0,0
1022,1022,0,00829800,1,7f,0,ee117fee1180ee11,f37417f47417,ff,1,0,1,1,0,0,1,1,0,0
1023,1023,0,00829800,1,7f,0,127eef117eef117f,f37417f47417,ff,1,0,1,1,0,0,1,1,0,0
