0,92,15,1,0,0110
1,92,144,1,0,0110
2,100,47,1,0,0110
3,108,144,1,0,0110
4,108,207,1,0,0110
5,108,79,1,0,0110
6,92,207,1,0,0110
7,76,175,1,0,0110
8,68,207,1,0,0110
9,84,175,1,0,0110
10,108,47,1,0,0110
11,108,48,1,0,0110
12,84,15,1,0,0110
13,84,112,1,0,0110
14,100,47,1,0,0110
15,100,80,1,0,0110
16,92,207,1,0,0110
17,100,80,1,0,0110
18,100,239,1,0,0110
19,92,48,1,0,0110
20,84,15,1,0,0110
21,76,145,1,0,0110
22,76,143,1,0,0110
23,76,208,1,0,0110
24,84,111,1,0,0110
25,76,48,1,0,0110
26,76,111,1,0,0110
27,76,48,1,0,0110
28,84,239,1,0,0110
29,84,143,1,0,0110
30,92,175,1,0,0110
31,84,175,1,0,0110
32,84,15,1,0,0110
33,92,112,1,0,0110
34,108,47,1,0,0110
35,100,144,1,0,0110
36,76,79,1,0,0110
37,76,80,1,0,0110
38,100,111,1,0,0110
39,100,80,1,0,0110
40,92,79,1,0,0110
41,84,176,1,0,0110
42,84,79,1,0,0110
43,92,48,1,0,0110
44,108,111,1,0,0110
45,108,144,1,0,0110
46,100,207,1,0,0110
47,76,176,1,0,0110
48,60,175,1,0,0110
49,52,176,1,0,0110
50,60,79,1,0,0110
51,76,144,1,0,0110
52,100,143,1,0,0110
53,100,144,1,0,0110
54,116,79,1,0,0110
55,116,16,1,0,0110
56,100,143,1,0,0110
57,100,48,1,0,0110
58,108,239,1,0,0110
59,100,48,1,0,0110
60,100,207,1,0,0110
61,100,176,1,0,0110
62,76,79,1,0,0110
63,76,48,1,0,0110
64,92,16,1,0,0110
65,92,16,1,0,0110
66,76,240,1,0,0110
67,92,239,1,0,0110
68,108,143,1,0,0110
69,108,175,1,0,0110
70,100,207,1,0,0110
71,100,111,1,0,0110
72,100,47,1,0,0110
73,100,48,1,0,0110
74,108,175,1,0,0110
75,108,79,1,0,0110
76,108,175,1,0,0110
77,100,175,1,0,0110
78,92,143,1,0,0110
79,100,48,1,0,0110
80,132,144,1,0,0110
81,124,80,1,0,0110
82,100,47,1,0,0110
83,100,144,1,0,0110
84,100,143,1,0,0110
85,108,208,1,0,0110
86,124,111,1,0,0110
87,108,112,1,0,0110
88,76,143,1,0,0110
89,60,144,1,0,0110
90,76,175,1,0,0110
91,84,176,1,0,0110
92,108,79,1,0,0110
93,116,176,1,0,0110
94,108,111,1,0,0110
95,100,144,1,0,0110
96,108,47,1,0,0110
97,108,240,1,0,0110
98,108,111,1,0,0110
99,92,16,1,0,0110
100,84,48,1,0,0110
101,124,208,1,0,0110
102,116,15,1,0,0110
103,108,112,1,0,0110
104,116,79,1,0,0110
105,116,240,1,0,0110
106,108,47,1,0,0110
107,108,208,1,0,0110
108,108,239,1,0,0110
109,108,207,1,0,0110
110,100,79,1,0,0110
111,108,144,1,0,0110
112,116,47,1,0,0110
113,108,144,1,0,0110
114,108,207,1,0,0110
115,108,239,1,0,0110
116,124,207,1,0,0110
117,116,47,1,0,0110
118,116,80,1,0,0110
119,116,176,1,0,0110
120,108,111,1,0,0110
121,116,144,1,0,0110
122,124,143,1,0,0110
123,116,176,1,0,0110
124,100,79,1,0,0110
125,92,209,1,0,0110
126,100,207,1,0,0110
127,108,208,1,0,0110
128,116,111,1,0,0110
129,124,240,1,0,0110
130,116,111,1,0,0110
131,124,144,1,0,0110
132,132,207,1,0,0110
133,124,176,1,0,0110
134,108,207,1,0,0110
135,124,80,1,0,0110
136,140,111,1,0,0110
137,156,112,1,0,0110
138,164,47,1,0,0110
139,164,112,1,0,0110
140,164,143,1,0,0110
141,164,143,1,0,0110
142,164,175,1,0,0110
143,164,207,1,0,0110
144,164,47,1,0,0110
145,164,16,1,0,0110
146,156,176,1,0,0110
147,156,240,1,0,0110
148,148,143,1,0,0110
149,156,176,1,0,0110
150,164,143,1,0,0110
151,164,208,1,0,0110
152,172,15,1,0,0110
153,172,16,1,0,0110
154,172,176,1,0,0110
155,172,239,1,0,0110
156,180,239,1,0,0110
157,164,143,1,0,0110
158,156,207,1,0,0110
159,164,207,1,0,0110
160,188,239,1,0,0110
161,196,111,1,0,0110
162,204,111,1,0,0110
163,196,112,1,0,0110
164,172,79,1,0,0110
165,172,16,1,0,0110
166,180,80,1,0,0110
167,172,80,1,0,0110
168,156,48,1,0,0110
169,164,240,1,0,0110
170,180,15,1,0,0110
171,180,144,1,0,0110
172,180,79,1,0,0110
173,172,112,1,0,0110
174,180,111,1,0,0110
175,180,144,1,0,0110
176,180,47,1,0,0110
177,172,208,1,0,0110
178,164,79,1,0,0110
179,156,240,1,0,0110
180,172,15,1,0,0110
181,180,80,1,0,0110
182,172,175,1,0,0110
183,172,111,1,0,0110
184,188,47,1,0,0110
185,180,176,1,0,0110
186,188,207,1,0,0110
187,188,240,1,0,0110
188,180,207,1,0,0110
189,188,240,1,0,0110
190,188,239,1,0,0110
191,172,16,1,0,0110
192,164,144,1,0,0110
193,172,176,1,0,0110
194,180,79,1,0,0110
195,180,144,1,0,0110
196,180,15,1,0,0110
197,172,144,1,0,0110
198,180,207,1,0,0110
199,180,207,1,0,0110
200,164,15,1,0,0110
201,172,144,1,0,0110
202,180,111,1,0,0110
203,180,176,1,0,0110
204,172,207,1,0,0110
205,164,239,1,0,0110
206,148,143,1,0,0110
207,156,207,1,0,0110
208,164,175,1,0,0110
209,156,239,1,0,0110
210,156,239,1,0,0110
211,156,15,1,0,0110
212,164,48,1,0,0110
213,164,176,1,0,0110
214,164,111,1,0,0110
215,148,48,1,0,0110
216,148,176,1,0,0110
217,148,240,1,0,0110
218,172,175,1,0,0110
219,172,176,1,0,0110
220,148,15,1,0,0110
221,132,17,1,0,0110
222,140,144,1,0,0110
223,140,240,1,0,0110
224,140,15,1,0,0110
225,140,240,1,0,0110
226,140,175,1,0,0110
227,140,47,1,0,0110
228,148,48,1,0,0110
229,156,48,1,0,0110
230,156,112,1,0,0110
231,140,240,1,0,0110
232,140,79,1,0,0110
233,140,208,1,0,0110
234,132,47,1,0,0110
235,124,208,1,0,0110
236,140,15,1,0,0110
237,148,16,1,0,0110
238,148,48,1,0,0110
239,148,48,1,0,0110
240,140,48,1,0,0110
241,132,208,1,0,0110
242,124,111,1,0,0110
243,116,208,1,0,0110
244,124,47,1,0,0110
245,116,16,1,0,0110
246,116,240,1,0,0110
247,108,47,1,0,0110
248,100,48,1,0,0110
249,100,16,1,0,0110
250,108,80,1,0,0110
251,92,240,1,0,0110
252,92,239,1,0,0110
253,92,239,1,0,0110
254,92,239,1,0,0110
255,100,143,1,0,0110
256,116,47,1,0,0110
257,108,208,1,0,0110
258,92,79,1,0,0110
259,84,240,1,0,0110
260,68,239,1,0,0110
261,68,207,1,0,0110
262,60,143,1,0,0110
263,60,111,1,0,0110
264,68,208,1,0,0110
265,60,47,1,0,0110
266,60,16,1,0,0110
267,60,16,1,0,0110
268,52,16,1,0,0110
269,36,16,1,0,0110
270,36,16,1,0,0110
271,44,16,1,0,0110
272,44,208,1,0,0110
273,44,207,1,0,0110
274,20,111,1,0,0110
275,20,175,1,0,0110
276,36,239,1,0,0110
277,28,15,1,0,0110
278,12,176,1,0,0110
279,12,239,1,0,0110
280,28,175,1,0,0110
281,28,239,1,0,0110
282,36,143,1,0,0110
283,12,15,1,0,0110
284,244,112,1,0,0110
285,3,207,1,0,0110
286,4,15,1,0,0110
287,4,15,1,0,0110
288,4,16,1,0,0110
289,4,47,1,0,0110
290,4,112,1,0,0110
291,252,239,1,0,0110
292,243,47,1,0,0110
293,235,240,1,0,0110
294,235,47,1,0,0110
295,227,208,1,0,0110
296,219,47,1,0,0110
297,211,240,1,0,0110
298,211,207,1,0,0110
299,227,15,1,0,0110
300,227,208,1,0,0110
301,227,207,1,0,0110
302,227,207,1,0,0110
303,227,111,1,0,0110
304,219,143,1,0,0110
305,219,111,1,0,0110
306,227,207,1,0,0110
307,227,143,1,0,0110
308,211,175,1,0,0110
309,203,111,1,0,0110
310,195,175,1,0,0110
311,187,15,1,0,0110
312,179,112,1,0,0110
313,195,15,1,0,0110
314,219,80,1,0,0110
315,211,15,1,0,0110
316,187,144,1,0,0110
317,179,15,1,0,0110
318,195,176,1,0,0110
319,195,47,1,0,0110
320,187,48,1,0,0110
321,187,47,1,0,0110
322,195,80,1,0,0110
323,187,239,1,0,0110
324,187,207,1,0,0110
325,171,143,1,0,0110
326,147,143,1,0,0110
327,155,175,1,0,0110
328,171,79,1,0,0110
329,171,207,1,0,0110
330,155,143,1,0,0110
331,163,15,1,0,0110
332,179,16,1,0,0110
333,171,16,1,0,0110
334,179,176,1,0,0110
335,171,239,1,0,0110
336,171,207,1,0,0110
337,163,143,1,0,0110
338,155,79,1,0,0110
339,155,80,1,0,0110
340,155,79,1,0,0110
341,147,176,1,0,0110
342,131,79,1,0,0110
343,139,240,1,0,0110
344,147,47,1,0,0110
345,147,240,1,0,0110
346,147,47,1,0,0110
347,139,208,1,0,0110
348,131,47,1,0,0110
349,147,176,1,0,0110
350,155,47,1,0,0110
351,155,208,1,0,0110
352,163,143,1,0,0110
353,163,175,1,0,0110
354,171,47,1,0,0110
355,163,143,1,0,0110
356,171,79,1,0,0110
357,187,175,1,0,0110
358,163,47,1,0,0110
359,179,239,1,0,0110
360,195,239,1,0,0110
361,211,143,1,0,0110
362,211,239,1,0,0110
363,203,111,1,0,0110
364,179,15,1,0,0110
365,179,143,1,0,0110
366,187,111,1,0,0110
367,203,47,1,0,0110
368,219,47,1,0,0110
369,219,16,1,0,0110
370,211,111,1,0,0110
371,219,112,1,0,0110
372,227,143,1,0,0110
373,227,176,1,0,0110
374,235,207,1,0,0110
375,235,111,1,0,0110
376,243,207,1,0,0110
377,235,175,1,0,0110
378,219,15,1,0,0110
379,211,176,1,0,0110
380,195,175,1,0,0110
381,195,143,1,0,0110
382,203,239,1,0,0110
383,203,15,1,0,0110
384,195,176,1,0,0110
385,187,207,1,0,0110
386,163,111,1,0,0110
387,163,175,1,0,0110
388,163,15,1,0,0110
389,163,176,1,0,0110
390,147,47,1,0,0110
391,131,144,1,0,0110
392,131,207,1,0,0110
393,115,175,1,0,0110
394,203,143,1,0,0110
395,226,239,1,0,0110
396,242,47,1,0,0110
397,2,80,1,0,0110
398,243,112,1,0,0110
399,242,48,1,0,0110
400,242,176,1,0,0110
401,242,47,1,0,0110
402,18,112,1,0,0110
403,11,175,1,0,0110
404,251,175,1,0,0110
405,10,239,1,0,0110
406,35,143,1,0,0110
407,19,143,1,0,0110
408,243,143,1,0,0110
409,250,175,1,0,0110
410,2,143,1,0,0110
411,251,239,1,0,0110
412,250,111,1,0,0110
413,10,143,1,0,0110
414,3,111,1,0,0110
415,11,239,1,0,0110
416,35,79,1,0,0110
417,35,111,1,0,0110
418,27,208,1,0,0110
419,35,79,1,0,0110
420,43,80,1,0,0110
421,51,144,1,0,0110
422,59,47,1,0,0110
423,75,176,1,0,0110
424,91,207,1,0,0110
425,91,79,1,0,0110
426,67,207,1,0,0110
427,83,79,1,0,0110
428,91,239,1,0,0110
429,107,111,1,0,0110
430,123,143,1,0,0110
431,139,47,1,0,0110
432,139,239,1,0,0110
433,131,239,1,0,0110
434,115,110,1,0,0110
435,131,48,1,0,0110
436,163,143,1,0,0110
437,171,112,1,0,0110
438,179,47,1,0,0110
439,195,48,1,0,0110
440,203,47,1,0,0110
441,187,208,1,0,0110
442,187,238,1,0,0110
443,195,175,1,0,0110
444,211,14,1,0,0110
445,227,208,1,0,0110
446,235,174,1,0,0110
447,235,144,1,0,0110
448,227,238,1,0,0110
449,235,144,1,0,0110
450,11,110,1,0,0110
451,36,176,1,0,0110
452,60,110,1,0,0110
453,52,176,1,0,0110
454,52,238,1,0,0110
455,76,144,1,0,0110
456,108,14,1,0,0110
457,100,49,1,0,0110
458,84,46,1,0,0110
459,76,81,1,0,0110
460,108,14,1,0,0110
461,116,81,1,0,0110
462,100,78,1,0,0110
463,92,80,1,0,0110
464,68,14,1,0,0110
465,68,240,1,0,0110
466,84,173,1,0,0110
467,68,48,1,0,0110
468,44,238,1,0,0110
469,44,144,1,0,0110
470,60,238,1,0,0110
471,60,144,1,0,0110
472,68,206,1,0,0110
473,36,16,1,0,0110
474,244,110,1,0,0110
475,227,176,1,0,0110
476,195,174,1,0,0110
477,107,239,1,0,0110
478,99,143,1,0,0110
479,114,15,1,0,0110
480,90,48,1,0,0110
481,90,208,1,0,0110
482,90,175,1,0,0110
483,90,176,1,0,0110
484,98,207,1,0,0110
485,98,144,1,0,0110
486,90,239,1,0,0110
487,98,207,1,0,0110
488,98,142,1,0,0110
489,90,111,1,0,0110
490,34,47,1,0,0110
491,26,239,1,0,0110
492,74,207,1,0,0110
493,82,238,1,0,0110
494,66,47,1,0,0110
495,58,111,1,0,0110
496,42,207,1,0,0110
497,42,111,1,0,0110
498,42,47,1,0,0110
499,66,207,1,0,0110
500,90,15,1,0,0110
501,74,111,1,0,0110
502,74,239,1,0,0110
503,58,47,1,0,0110
504,42,175,1,0,0110
505,42,144,1,0,0110
506,42,79,1,0,0110
507,58,112,1,0,0110
508,66,207,1,0,0110
509,58,239,1,0,0110
510,66,46,1,0,0110
511,66,176,1,0,0110
512,66,207,1,0,0110
513,50,47,1,0,0110
514,42,176,1,0,0110
515,42,174,1,0,0110
516,58,207,1,0,0110
517,90,142,1,0,0110
518,42,207,1,0,0110
519,27,47,1,0,0110
520,3,143,1,0,0110
521,11,207,1,0,0110
522,59,110,1,0,0110
523,75,239,1,0,0110
524,91,46,1,0,0110
525,115,144,1,0,0110
526,147,111,1,0,0110
527,163,144,1,0,0110
528,163,15,1,0,0110
529,163,80,1,0,0110
530,171,111,1,0,0110
531,163,48,1,0,0110
532,163,143,1,0,0110
533,179,48,1,0,0110
534,219,47,1,0,0110
535,243,48,1,0,0110
536,3,15,1,0,0110
537,12,240,1,0,0110
538,36,174,1,0,0110
539,44,207,1,0,0110
540,76,78,1,0,0110
541,172,237,1,0,0110
542,248,255,1,0,0110
543,255,255,1,0,0110
544,255,255,1,0,0110
545,255,255,1,0,0110
546,255,255,1,0,0110
547,255,255,1,0,0110
548,255,255,0,0,0110
549,127,127,0,0,0110
550,0,246,0,0,0110
551,0,165,0,0,0110
552,0,11,0,0,0110
553,32,101,0,0,0110
554,0,89,0,0,0110
555,0,186,0,0,0110
556,0,80,0,0,0110
557,2,180,0,0,0110
558,0,165,0,0,0110
559,0,11,0,0,0110
560,32,69,0,0,0110
561,0,91,0,0,0110
562,0,186,0,0,0110
563,0,80,0,0,0110
564,2,180,0,0,0110
565,0,165,0,0,0110
566,0,11,0,0,0110
567,32,101,0,0,0110
568,0,93,0,0,0110
569,0,186,0,0,0110
570,0,80,0,0,0110
571,2,180,0,0,0110
572,0,165,0,0,0110
573,0,11,0,0,0110
574,32,69,0,0,0110
575,0,91,0,0,0110
576,0,186,0,0,0110
577,0,80,0,0,0110
578,2,244,0,0,0110
579,0,37,0,0,0110
580,0,11,0,0,0110
581,32,69,0,0,0110
582,0,89,0,0,0110
583,0,186,0,0,0110
584,0,80,0,0,0110
585,2,20,0,0,0110
586,0,37,0,0,0110
587,0,11,0,0,0110
588,32,101,0,0,0110
589,0,91,0,0,0110
590,0,186,0,0,0110
591,0,80,0,0,0110
592,2,180,0,0,0110
593,0,165,0,0,0110
594,0,11,0,0,0110
595,32,101,0,0,0110
596,0,95,0,0,0110
597,0,186,0,0,0110
598,0,80,0,0,0110
599,2,180,0,0,0110
600,0,165,0,0,0110
601,0,11,0,0,0110
602,32,69,0,0,0110
603,0,91,0,0,0110
604,0,186,0,0,0110
605,0,16,0,0,0110
606,2,180,0,0,0110
607,0,165,0,0,0110
608,0,11,0,0,0110
609,32,69,0,0,0110
610,0,89,0,0,0110
611,0,186,0,0,0110
612,0,80,0,0,0110
613,2,180,0,0,0110
614,0,165,0,0,0110
615,0,11,0,0,0110
616,32,69,0,0,0110
617,0,91,0,0,0110
618,0,186,0,0,0110
619,0,80,0,0,0110
620,2,182,0,0,0110
621,0,165,0,0,0110
622,0,11,0,0,0110
623,32,69,0,0,0110
624,0,91,0,0,0110
625,0,170,0,0,0110
626,0,80,0,0,0110
627,2,212,0,0,0110
628,0,165,0,0,0110
629,0,11,0,0,0110
630,32,69,0,0,0110
631,0,91,0,0,0110
632,0,186,0,0,0110
633,0,80,0,0,0110
634,2,148,0,0,0110
635,0,165,0,0,0110
636,0,11,0,0,0110
637,32,69,0,0,0110
638,0,91,0,0,0110
639,0,186,0,0,0110
640,0,80,0,0,0110
641,2,180,0,0,0110
642,0,165,0,0,0110
643,0,11,0,0,0110
644,32,69,0,0,0110
645,0,89,0,0,0110
646,0,186,0,0,0110
647,0,80,0,0,0110
648,2,148,0,0,0110
649,0,165,0,0,0110
650,0,27,0,0,0110
651,32,69,0,0,0110
652,0,91,0,0,0110
653,0,186,0,0,0110
654,0,80,0,0,0110
655,2,214,0,0,0110
656,0,165,0,0,0110
657,0,11,0,0,0110
658,32,69,0,0,0110
659,0,89,0,0,0110
660,0,186,0,0,0110
661,0,80,0,0,0110
662,2,148,0,0,0110
663,0,165,0,0,0110
664,0,11,0,0,0110
665,32,101,0,0,0110
666,0,95,0,0,0110
667,0,186,0,0,0110
668,0,80,0,0,0110
669,2,246,0,0,0110
670,0,165,0,0,0110
671,0,11,0,0,0110
672,32,101,0,0,0110
673,0,87,0,0,0110
674,0,186,0,0,0110
675,1,80,0,0,0110
676,2,148,0,0,0110
677,0,165,0,0,0110
678,16,11,0,0,0110
679,32,69,0,0,0110
680,0,95,0,0,0110
681,0,186,0,0,0110
682,1,80,0,0,0110
683,2,244,0,0,0110
684,0,165,0,0,0110
685,16,11,0,0,0110
686,32,69,0,0,0110
687,0,91,0,0,0110
688,0,186,0,0,0110
689,1,80,0,0,0110
690,2,182,0,0,0110
691,0,165,0,0,0110
692,16,11,0,0,0110
693,32,69,0,0,0110
694,0,93,0,0,0110
695,0,186,0,0,0110
696,1,80,0,0,0110
697,2,212,0,0,0110
698,0,165,0,0,0110
699,0,11,0,0,0110
700,32,101,0,0,0110
701,0,93,0,0,0110
702,0,186,0,0,0110
703,1,80,0,0,0110
704,2,180,0,0,0110
705,0,165,0,0,0110
706,16,11,0,0,0110
707,32,101,0,0,0110
708,0,93,0,0,0110
709,0,186,0,0,0110
710,1,80,0,0,0110
711,2,148,0,0,0110
712,0,165,0,0,0110
713,16,11,0,0,0110
714,32,69,0,0,0110
715,0,91,0,0,0110
716,0,186,0,0,0110
717,1,80,0,0,0110
718,2,180,0,0,0110
719,0,165,0,0,0110
720,0,11,0,0,0110
721,32,101,0,0,0110
722,0,95,0,0,0110
723,0,186,0,0,0110
724,1,80,0,0,0110
725,2,182,0,0,0110
726,0,165,0,0,0110
727,16,11,0,0,0110
728,32,69,0,0,0110
729,0,89,0,0,0110
730,0,186,0,0,0110
731,1,80,0,0,0110
732,2,150,0,0,0110
733,0,165,0,0,0110
734,16,11,0,0,0110
735,32,69,0,0,0110
736,0,89,0,0,0110
737,0,186,0,0,0110
738,0,80,0,0,0110
739,2,150,0,0,0110
740,0,165,0,0,0110
741,16,11,0,0,0110
742,32,69,0,0,0110
743,0,91,0,0,0110
744,0,186,0,0,0110
745,0,81,0,0,0110
746,2,180,0,0,0110
747,0,165,0,0,0110
748,0,11,0,0,0110
749,32,69,0,0,0110
750,0,95,0,0,0110
751,0,186,0,0,0110
752,1,80,0,0,0110
753,2,148,0,0,0110
754,0,165,0,0,0110
755,0,11,0,0,0110
756,32,69,0,0,0110
757,0,91,0,0,0110
758,0,186,0,0,0110
759,1,80,0,0,0110
760,2,148,0,0,0110
761,0,165,0,0,0110
762,0,11,0,0,0110
763,32,101,0,0,0110
764,0,91,0,0,0110
765,0,186,0,0,0110
766,1,80,0,0,0110
767,2,148,0,0,0110
768,0,165,0,0,0110
769,0,11,0,0,0110
770,32,69,0,0,0110
771,0,91,0,0,0110
772,0,186,0,0,0110
773,0,80,0,0,0110
774,2,244,0,0,0110
775,0,165,0,0,0110
776,0,11,0,0,0110
777,32,101,0,0,0110
778,0,95,0,0,0110
779,0,186,0,0,0110
780,1,16,0,0,0110
781,2,244,0,0,0110
782,0,165,0,0,0110
783,0,11,0,0,0110
784,32,101,0,0,0110
785,0,91,0,0,0110
786,0,186,0,0,0110
787,1,80,0,0,0110
788,2,246,0,0,0110
789,0,165,0,0,0110
790,0,11,0,0,0110
791,32,69,0,0,0110
792,0,91,0,0,0110
793,0,186,0,0,0110
794,1,80,0,0,0110
795,2,214,0,0,0110
796,0,165,0,0,0110
797,16,11,0,0,0110
798,32,69,0,0,0110
799,0,91,0,0,0110
800,0,186,0,0,0110
801,1,80,0,0,0110
802,2,180,0,0,0110
803,0,165,0,0,0110
804,16,11,0,0,0110
805,32,69,0,0,0110
806,0,95,0,0,0110
807,0,186,0,0,0110
808,1,80,0,0,0110
809,2,180,0,0,0110
810,0,165,0,0,0110
811,16,27,0,0,0110
812,32,69,0,0,0110
813,0,91,0,0,0110
814,0,186,0,0,0110
815,0,80,0,0,0110
816,2,180,0,0,0110
817,0,165,0,0,0110
818,0,11,0,0,0110
819,32,85,0,0,0110
820,0,89,0,0,0110
821,0,0,0,0,0110
822,0,0,0,0,0110
823,0,0,0,0,0110
824,0,0,0,0,0110
825,0,0,0,0,0110
826,0,0,0,0,0110
827,0,0,0,0,0110
828,0,0,0,1,0110
829,0,0,1,1,0110
830,0,224,1,0,0110
831,24,193,1,0,0110
832,48,19,1,0,0110
833,64,111,1,0,0110
834,128,158,1,0,0110
835,1,0,1,0,0110
836,0,0,1,0,0110
837,0,0,1,0,0110
838,0,0,1,0,0110
839,0,0,1,0,0110
840,0,0,1,0,0110
841,0,0,1,0,0110
842,0,0,1,0,0110
843,0,0,1,0,0110
844,0,0,1,0,0110
845,0,0,1,0,0110
846,192,215,1,0,0110
847,5,163,1,0,0110
848,240,0,1,0,0110
849,56,47,1,0,0110
850,68,80,1,0,0110
851,60,47,1,0,0110
852,60,144,1,0,0110
853,68,239,1,0,0110
854,68,79,1,0,0110
855,68,15,1,0,0110
856,76,112,1,0,0110
857,84,47,1,0,0110
858,92,112,1,0,0110
859,76,15,1,0,0110
860,52,48,1,0,0110
861,44,240,1,0,0110
862,44,79,1,0,0110
863,60,208,1,0,0110
864,68,239,1,0,0110
865,68,79,1,0,0110
866,76,175,1,0,0110
867,84,47,1,0,0110
868,92,175,1,0,0110
869,84,239,1,0,0110
870,92,46,1,0,0110
871,92,112,1,0,0110
872,100,207,1,0,0110
873,100,239,1,0,0110
874,116,79,1,0,0110
875,108,208,1,0,0110
876,100,47,1,0,0110
877,100,144,1,0,0110
878,84,175,1,0,0110
879,76,111,1,0,0110
880,76,207,1,0,0110
881,84,15,1,0,0110
882,84,176,1,0,0110
883,92,207,1,0,0110
884,108,207,1,0,0110
885,92,175,1,0,0110
886,76,207,1,0,0110
887,84,207,1,0,0110
888,76,143,1,0,0110
889,84,143,1,0,0110
890,100,207,1,0,0110
891,92,111,1,0,0110
892,76,15,1,0,0110
893,84,112,1,0,0110
894,92,47,1,0,0110
895,100,112,1,0,0110
896,108,143,1,0,0110
897,108,208,1,0,0110
898,76,239,1,0,0110
899,84,176,1,0,0110
900,84,143,1,0,0110
901,84,208,1,0,0110
902,60,47,1,0,0110
903,68,80,1,0,0110
904,92,207,1,0,0110
905,108,143,1,0,0110
906,100,207,1,0,0110
907,92,47,1,0,0110
908,84,80,1,0,0110
909,84,48,1,0,0110
910,76,240,1,0,0110
911,84,15,1,0,0110
912,84,143,1,0,0110
913,100,239,1,0,0110
914,116,174,1,0,0110
915,100,47,1,0,0110
916,84,239,1,0,0110
917,76,47,1,0,0110
918,84,207,1,0,0110
919,100,239,1,0,0110
920,100,238,1,0,0110
921,92,111,1,0,0110
922,92,79,1,0,0110
923,92,112,1,0,0110
924,108,143,1,0,0110
925,92,144,1,0,0110
926,76,143,1,0,0110
927,84,80,1,0,0110
928,92,15,1,0,0110
929,92,17,1,0,0110
930,100,47,1,0,0110
931,108,113,1,0,0110
932,108,175,1,0,0110
933,92,176,1,0,0110
934,92,79,1,0,0110
935,100,112,1,0,0110
936,108,47,1,0,0110
937,100,144,1,0,0110
938,84,143,1,0,0110
939,84,144,1,0,0110
940,84,175,1,0,0110
941,100,176,1,0,0110
942,108,143,1,0,0110
943,100,144,1,0,0110
944,84,47,1,0,0110
945,92,144,1,0,0110
946,100,239,1,0,0110
947,108,111,1,0,0110
948,108,47,1,0,0110
949,108,144,1,0,0110
950,116,47,1,0,0110
951,100,112,1,0,0110
952,84,239,1,0,0110
953,84,111,1,0,0110
954,68,111,1,0,0110
955,68,208,1,0,0110
956,76,239,1,0,0110
957,84,16,1,0,0110
958,92,112,1,0,0110
959,84,112,1,0,0110
960,68,15,1,0,0110
961,76,144,1,0,0110
962,84,207,1,0,0110
963,84,47,1,0,0110
964,84,15,1,0,0110
965,84,16,1,0,0110
966,100,143,1,0,0110
967,84,48,1,0,0110
968,52,111,1,0,0110
969,60,176,1,0,0110
970,84,239,1,0,0110
971,84,143,1,0,0110
972,92,239,1,0,0110
973,84,79,1,0,0110
974,84,111,1,0,0110
975,76,80,1,0,0110
976,84,47,1,0,0110
977,92,112,1,0,0110
978,92,239,1,0,0110
979,76,111,1,0,0110
980,76,15,1,0,0110
981,84,144,1,0,0110
982,100,79,1,0,0110
983,92,208,1,0,0110
984,92,111,1,0,0110
985,92,112,1,0,0110
986,92,143,1,0,0110
987,92,112,1,0,0110
988,76,79,1,0,0110
989,76,176,1,0,0110
990,84,111,1,0,0110
991,92,16,1,0,0110
992,108,111,1,0,0110
993,116,144,1,0,0110
994,100,239,1,0,0110
995,92,208,1,0,0110
996,92,111,1,0,0110
997,92,240,1,0,0110
998,92,207,1,0,0110
999,100,207,1,0,0110
1000,84,79,1,0,0110
1001,84,144,1,0,0110
1002,100,47,1,0,0110
1003,100,16,1,0,0110
1004,100,175,1,0,0110
1005,100,48,1,0,0110
1006,108,207,1,0,0110
1007,108,16,1,0,0110
1008,100,79,1,0,0110
1009,100,112,1,0,0110
1010,100,239,1,0,0110
1011,92,239,1,0,0110
1012,100,175,1,0,0110
1013,108,175,1,0,0110
1014,92,207,1,0,0110
1015,92,175,1,0,0110
1016,92,15,1,0,0110
1017,100,240,1,0,0110
1018,100,111,1,0,0110
1019,100,144,1,0,0110
1020,108,111,1,0,0110
1021,108,80,1,0,0110
1022,116,47,1,0,0110
1023,100,80,1,0,0110
1024,92,239,1,0,0110
1025,92,208,1,0,0110
1026,84,175,1,0,0110
1027,84,176,1,0,0110
1028,100,207,1,0,0110
1029,108,79,1,0,0110
1030,92,15,1,0,0110
1031,84,112,1,0,0110
1032,92,15,1,0,0110
1033,100,80,1,0,0110
1034,116,47,1,0,0110
1035,108,80,1,0,0110
1036,84,175,1,0,0110
1037,76,80,1,0,0110
1038,92,207,1,0,0110
1039,100,144,1,0,0110
1040,116,79,1,0,0110
1041,124,176,1,0,0110
1042,108,79,1,0,0110
1043,108,176,1,0,0110
1044,108,239,1,0,0110
1045,116,143,1,0,0110
1046,92,15,1,0,0110
1047,92,208,1,0,0110
1048,92,47,1,0,0110
1049,124,208,1,0,0110
1050,108,143,1,0,0110
1051,108,176,1,0,0110
1052,116,15,1,0,0110
1053,116,241,1,0,0110
1054,108,239,1,0,0110
1055,108,176,1,0,0110
1056,108,239,1,0,0110
1057,108,239,1,0,0110
1058,100,15,1,0,0110
1059,100,176,1,0,0110
1060,92,79,1,0,0110
1061,84,208,1,0,0110
1062,84,15,1,0,0110
1063,100,240,1,0,0110
1064,116,15,1,0,0110
1065,116,240,1,0,0110
1066,132,111,1,0,0110
1067,124,176,1,0,0110
1068,100,239,1,0,0110
1069,108,79,1,0,0110
1070,132,239,1,0,0110
1071,124,143,1,0,0110
1072,108,143,1,0,0110
1073,108,176,1,0,0110
1074,108,111,1,0,0110
1075,116,208,1,0,0110
1076,132,239,1,0,0110
1077,124,239,1,0,0110
1078,124,15,1,0,0110
1079,124,176,1,0,0110
1080,124,207,1,0,0110
1081,124,240,1,0,0110
1082,108,143,1,0,0110
1083,100,112,1,0,0110
1084,108,79,1,0,0110
1085,124,208,1,0,0110
1086,156,79,1,0,0110
1087,156,176,1,0,0110
1088,140,15,1,0,0110
1089,156,176,1,0,0110
1090,180,79,1,0,0110
1091,180,240,1,0,0110
1092,172,79,1,0,0110
1093,164,48,1,0,0110
1094,172,176,1,0,0110
1095,164,48,1,0,0110
1096,140,112,1,0,0110
1097,148,240,1,0,0110
1098,140,79,1,0,0110
1099,148,240,1,0,0110
1100,164,15,1,0,0110
1101,164,176,1,0,0110
1102,156,207,1,0,0110
1103,172,143,1,0,0110
1104,180,143,1,0,0110
1105,164,208,1,0,0110
1106,148,175,1,0,0110
1107,156,240,1,0,0110
1108,180,47,1,0,0110
1109,180,176,1,0,0110
1110,180,15,1,0,0110
1111,172,144,1,0,0110
1112,164,15,1,0,0110
1113,164,240,1,0,0110
1114,156,47,1,0,0110
1115,156,80,1,0,0110
1116,148,16,1,0,0110
1117,156,16,1,0,0110
1118,164,208,1,0,0110
1119,172,239,1,0,0110
1120,172,239,1,0,0110
1121,164,207,1,0,0110
1122,172,143,1,0,0110
1123,180,176,1,0,0110
1124,188,143,1,0,0110
1125,188,16,1,0,0110
1126,180,112,1,0,0110
1127,164,240,1,0,0110
1128,156,15,1,0,0110
1129,164,112,1,0,0110
1130,164,175,1,0,0110
1131,164,207,1,0,0110
1132,180,239,1,0,0110
1133,180,239,1,0,0110
1134,180,47,1,0,0110
1135,180,16,1,0,0110
1136,180,16,1,0,0110
1137,180,176,1,0,0110
1138,180,47,1,0,0110
1139,172,144,1,0,0110
1140,156,111,1,0,0110
1141,164,112,1,0,0110
1142,172,143,1,0,0110
1143,172,144,1,0,0110
1144,172,143,1,0,0110
1145,172,112,1,0,0110
1146,172,79,1,0,0110
1147,172,208,1,0,0110
1148,164,79,1,0,0110
1149,164,208,1,0,0110
1150,172,111,1,0,0110
1151,172,240,1,0,0110
1152,172,15,1,0,0110
1153,164,208,1,0,0110
1154,140,175,1,0,0110
1155,148,143,1,0,0110
1156,172,47,1,0,0110
1157,172,143,1,0,0110
1158,164,111,1,0,0110
1159,156,207,1,0,0110
1160,156,239,1,0,0110
1161,156,175,1,0,0110
1162,156,111,1,0,0110
1163,156,16,1,0,0110
1164,156,80,1,0,0110
1165,156,240,1,0,0110
1166,180,111,1,0,0110
1167,172,176,1,0,0110
1168,164,111,1,0,0110
1169,156,80,1,0,0110
1170,140,16,1,0,0110
1171,140,208,1,0,0110
1172,140,239,1,0,0110
1173,148,207,1,0,0110
1174,156,15,1,0,0110
1175,148,208,1,0,0110
1176,140,79,1,0,0110
1177,148,240,1,0,0110
1178,148,47,1,0,0110
1179,148,176,1,0,0110
1180,164,111,1,0,0110
1181,156,112,1,0,0110
1182,132,143,1,0,0110
1183,132,208,1,0,0110
1184,140,47,1,0,0110
1185,148,48,1,0,0110
1186,148,80,1,0,0110
1187,140,80,1,0,0110
1188,124,112,1,0,0110
1189,108,48,1,0,0110
1190,100,80,1,0,0110
1191,108,240,1,0,0110
1192,124,111,1,0,0110
1193,124,16,1,0,0110
1194,116,48,1,0,0110
1195,108,48,1,0,0110
1196,108,208,1,0,0110
1197,108,79,1,0,0110
1198,100,176,1,0,0110
1199,100,15,1,0,0110
1200,100,208,1,0,0110
1201,92,239,1,0,0110
1202,84,207,1,0,0110
1203,84,79,1,0,0110
1204,92,239,1,0,0110
1205,92,207,1,0,0110
1206,68,15,1,0,0110
1207,68,16,1,0,0110
1208,60,240,1,0,0110
1209,60,143,1,0,0110
1210,76,239,1,0,0110
1211,76,79,1,0,0110
1212,60,208,1,0,0110
1213,52,15,1,0,0110
1214,52,16,1,0,0110
1215,68,16,1,0,0110
1216,60,112,1,0,0110
1217,28,47,1,0,0110
1218,28,176,1,0,0110
1219,28,111,1,0,0110
1220,36,176,1,0,0110
1221,28,207,1,0,0110
1222,12,175,1,0,0110
1223,12,239,1,0,0110
1224,12,47,1,0,0110
1225,12,80,1,0,0110
1226,4,16,1,0,0110
1227,12,48,1,0,0110
1228,20,16,1,0,0110
1229,20,16,1,0,0110
1230,20,208,1,0,0110
1231,12,207,1,0,0110
1232,4,47,1,0,0110
1233,4,208,1,0,0110
1234,236,47,1,0,0110
1235,243,16,1,0,0110
1236,251,176,1,0,0110
1237,251,47,1,0,0110
1238,243,144,1,0,0110
1239,243,47,1,0,0110
1240,235,112,1,0,0110
1241,227,239,1,0,0110
1242,227,143,1,0,0110
1243,219,47,1,0,0110
1244,219,112,1,0,0110
1245,219,15,1,0,0110
1246,211,112,1,0,0110
1247,227,15,1,0,0110
1248,243,176,1,0,0110
1249,227,175,1,0,0110
1250,211,143,1,0,0110
1251,219,47,1,0,0110
1252,211,207,1,0,0110
1253,211,175,1,0,0110
1254,227,175,1,0,0110
1255,219,175,1,0,0110
1256,219,175,1,0,0110
1257,203,175,1,0,0110
1258,195,175,1,0,0110
1259,187,239,1,0,0110
1260,187,111,1,0,0110
1261,187,175,1,0,0110
1262,187,111,1,0,0110
1263,195,207,1,0,0110
1264,179,239,1,0,0110
1265,179,15,1,0,0110
1266,203,16,1,0,0110
1267,203,16,1,0,0110
1268,187,144,1,0,0110
1269,187,239,1,0,0110
1270,187,207,1,0,0110
1271,187,14,1,0,0110
1272,171,208,1,0,0110
1273,171,110,1,0,0110
1274,179,239,1,0,0110
1275,179,46,1,0,0110
1276,179,207,1,0,0110
1277,179,174,1,0,0110
1278,163,79,1,0,0110
1279,171,15,1,0,0110
1280,187,144,1,0,0110
1281,179,239,1,0,0110
1282,179,111,1,0,0110
1283,171,207,1,0,0110
1284,171,79,1,0,0110
1285,163,175,1,0,0110
1286,155,207,1,0,0110
1287,147,143,1,0,0110
1288,139,47,1,0,0110
1289,139,144,1,0,0110
1290,131,15,1,0,0110
1291,147,176,1,0,0110
1292,163,47,1,0,0110
1293,163,176,1,0,0110
1294,147,111,1,0,0110
1295,139,208,1,0,0110
1296,139,143,1,0,0110
1297,139,240,1,0,0110
1298,147,79,1,0,0110
1299,147,16,1,0,0110
1300,155,112,1,0,0110
1301,163,239,1,0,0110
1302,171,175,1,0,0110
1303,171,207,1,0,0110
1304,171,143,1,0,0110
1305,187,111,1,0,0110
1306,195,79,1,0,0110
1307,203,175,1,0,0110
1308,203,207,1,0,0110
1309,219,207,1,0,0110
1310,219,239,1,0,0110
1311,203,143,1,0,0110
1312,179,175,1,0,0110
1313,179,111,1,0,0110
1314,179,239,1,0,0110
1315,195,15,1,0,0110
1316,211,79,1,0,0110
1317,219,48,1,0,0110
1318,219,79,1,0,0110
1319,219,144,1,0,0110
1320,219,239,1,0,0110
1321,219,175,1,0,0110
1322,227,79,1,0,0110
1323,227,143,1,0,0110
1324,235,79,1,0,0110
1325,227,175,1,0,0110
1326,211,143,1,0,0110
1327,203,207,1,0,0110
1328,211,79,1,0,0110
1329,211,175,1,0,0110
1330,203,207,1,0,0110
1331,187,15,1,0,0110
1332,187,176,1,0,0110
1333,187,111,1,0,0110
1334,195,47,1,0,0110
1335,187,111,1,0,0110
1336,187,79,1,0,0110
1337,187,207,1,0,0110
1338,171,239,1,0,0110
1339,139,47,1,0,0110
1340,59,144,1,0,0110
1341,35,79,1,0,0110
1342,243,16,1,0,0110
1343,226,47,1,0,0110
1344,242,176,1,0,0110
1345,10,79,1,0,0110
1346,3,176,1,0,0110
1347,3,206,1,0,0110
1348,19,207,1,0,0110
1349,11,14,1,0,0110
1350,251,144,1,0,0110
1351,250,175,1,0,0110
1352,2,207,1,0,0110
1353,19,207,1,0,0110
1354,27,111,1,0,0110
1355,19,175,1,0,0110
1356,251,143,1,0,0110
1357,250,207,1,0,0110
1358,18,175,1,0,0110
1359,35,15,1,0,0110
1360,19,240,1,0,0110
1361,19,46,1,0,0110
1362,3,47,1,0,0110
1363,11,175,1,0,0110
1364,19,79,1,0,0110
1365,35,47,1,0,0110
1366,35,16,1,0,0110
1367,35,208,1,0,0110
1368,43,143,1,0,0110
1369,43,112,1,0,0110
1370,51,79,1,0,0110
1371,75,144,1,0,0110
1372,91,239,1,0,0110
1373,99,175,1,0,0110
1374,99,15,1,0,0110
1375,91,144,1,0,0110
1376,107,47,1,0,0110
1377,123,16,1,0,0110
1378,131,47,1,0,0110
1379,131,16,1,0,0110
1380,123,207,1,0,0110
1381,123,207,1,0,0110
1382,139,14,1,0,0110
1383,155,16,1,0,0110
1384,187,143,1,0,0110
1385,179,16,1,0,0110
1386,179,207,1,0,0110
1387,179,176,1,0,0110
1388,171,174,1,0,0110
1389,171,144,1,0,0110
1390,187,46,1,0,0110
1391,203,176,1,0,0110
1392,211,14,1,0,0110
1393,219,240,1,0,0110
1394,227,174,1,0,0110
1395,227,176,1,0,0110
1396,219,206,1,0,0110
1397,235,208,1,0,0110
1398,11,78,1,0,0110
1399,36,176,1,0,0110
1400,68,110,1,0,0110
1401,68,176,1,0,0110
1402,68,110,1,0,0110
1403,92,112,1,0,0110
1404,132,110,1,0,0110
1405,124,112,1,0,0110
1406,92,206,1,0,0110
1407,92,112,1,0,0110
1408,108,206,1,0,0110
1409,100,240,1,0,0110
1410,92,141,1,0,0110
1411,92,48,1,0,0110
1412,76,174,1,0,0110
1413,68,80,1,0,0110
1414,52,14,1,0,0110
1415,44,81,1,0,0110
1416,44,46,1,0,0110
1417,44,113,1,0,0110
1418,52,46,1,0,0110
1419,52,145,1,0,0110
1420,52,238,1,0,0110
1421,20,112,1,0,0110
1422,220,110,1,0,0110
1423,211,80,1,0,0110
1424,163,142,1,0,0110
1425,43,240,1,0,0110
1426,59,46,1,0,0110
1427,82,48,1,0,0110
1428,106,47,1,0,0110
1429,114,144,1,0,0110
1430,122,239,1,0,0110
1431,90,16,1,0,0110
1432,74,48,1,0,0110
1433,90,16,1,0,0110
1434,106,176,1,0,0110
1435,114,47,1,0,0110
1436,106,207,1,0,0110
1437,98,79,1,0,0110
1438,50,111,1,0,0110
1439,42,175,1,0,0110
1440,66,239,1,0,0110
1441,58,174,1,0,0110
1442,58,47,1,0,0110
1443,58,47,1,0,0110
1444,42,47,1,0,0110
1445,50,15,1,0,0110
1446,74,15,1,0,0110
1447,66,240,1,0,0110
1448,34,239,1,0,0110
1449,26,207,1,0,0110
1450,50,175,1,0,0110
1451,50,239,1,0,0110
1452,34,14,1,0,0110
1453,34,112,1,0,0110
1454,58,47,1,0,0110
1455,66,48,1,0,0110
1456,74,239,1,0,0110
1457,74,207,1,0,0110
1458,114,79,1,0,0110
1459,98,80,1,0,0110
1460,58,176,1,0,0110
1461,58,143,1,0,0110
1462,42,80,1,0,0110
1463,42,15,1,0,0110
1464,66,48,1,0,0110
1465,82,79,1,0,0110
1466,18,15,1,0,0110
1467,19,16,1,0,0110
1468,43,111,1,0,0110
1469,59,144,1,0,0110
1470,67,238,1,0,0110
1471,91,175,1,0,0110
1472,91,174,1,0,0110
1473,107,112,1,0,0110
1474,163,143,1,0,0110
1475,171,208,1,0,0110
1476,171,47,1,0,0110
1477,171,144,1,0,0110
1478,179,47,1,0,0110
1479,163,144,1,0,0110
1480,155,47,1,0,0110
1481,179,112,1,0,0110
1482,195,175,1,0,0110
1483,227,111,1,0,0110
1484,3,239,1,0,0110
1485,20,207,1,0,0110
1486,44,46,1,0,0110
1487,68,240,1,0,0110
1488,92,46,1,0,0110
1489,244,237,1,0,0110
1490,4,255,1,0,0110
1491,0,255,1,0,0110
1492,0,255,1,0,0110
1493,0,255,1,0,0110
1494,0,255,1,0,0110
1495,0,255,1,0,0110
1496,0,255,0,0,0110
1497,240,255,0,0,0110
1498,32,85,0,0,0110
1499,0,91,0,0,0110
1500,0,186,0,0,0110
1501,0,80,0,0,0110
1502,2,180,0,0,0110
1503,0,165,0,0,0110
1504,0,11,0,0,0110
1505,32,69,0,0,0110
1506,0,83,0,0,0110
1507,0,186,0,0,0110
1508,0,80,0,0,0110
1509,2,52,0,0,0110
1510,0,165,0,0,0110
1511,0,27,0,0,0110
1512,32,69,0,0,0110
1513,0,89,0,0,0110
1514,0,186,0,0,0110
1515,0,80,0,0,0110
1516,2,180,0,0,0110
1517,0,165,0,0,0110
1518,0,11,0,0,0110
1519,32,69,0,0,0110
1520,0,91,0,0,0110
1521,0,186,0,0,0110
1522,0,80,0,0,0110
1523,2,180,0,0,0110
1524,0,165,0,0,0110
1525,0,11,0,0,0110
1526,32,69,0,0,0110
1527,0,95,0,0,0110
1528,0,186,0,0,0110
1529,0,80,0,0,0110
1530,2,182,0,0,0110
1531,0,165,0,0,0110
1532,0,27,0,0,0110
1533,32,101,0,0,0110
1534,0,89,0,0,0110
1535,0,186,0,0,0110
1536,0,80,0,0,0110
1537,2,180,0,0,0110
1538,0,165,0,0,0110
1539,0,11,0,0,0110
1540,32,65,0,0,0110
1541,0,89,0,0,0110
1542,0,186,0,0,0110
1543,1,80,0,0,0110
1544,2,244,0,0,0110
1545,0,165,0,0,0110
1546,0,27,0,0,0110
1547,32,69,0,0,0110
1548,0,95,0,0,0110
1549,0,186,0,0,0110
1550,0,80,0,0,0110
1551,2,180,0,0,0110
1552,0,165,0,0,0110
1553,0,11,0,0,0110
1554,32,69,0,0,0110
1555,0,91,0,0,0110
1556,0,186,0,0,0110
1557,0,80,0,0,0110
1558,2,180,0,0,0110
1559,0,165,0,0,0110
1560,0,11,0,0,0110
1561,32,69,0,0,0110
1562,0,91,0,0,0110
1563,0,186,0,0,0110
1564,0,80,0,0,0110
1565,2,244,0,0,0110
1566,0,165,0,0,0110
1567,0,11,0,0,0110
1568,32,69,0,0,0110
1569,0,91,0,0,0110
1570,0,186,0,0,0110
1571,0,80,0,0,0110
1572,2,180,0,0,0110
1573,0,165,0,0,0110
1574,0,11,0,0,0110
1575,32,69,0,0,0110
1576,0,91,0,0,0110
1577,0,186,0,0,0110
1578,0,80,0,0,0110
1579,2,214,0,0,0110
1580,0,165,0,0,0110
1581,0,11,0,0,0110
1582,32,69,0,0,0110
1583,0,95,0,0,0110
1584,0,186,0,0,0110
1585,0,16,0,0,0110
1586,2,244,0,0,0110
1587,0,165,0,0,0110
1588,0,11,0,0,0110
1589,32,69,0,0,0110
1590,0,91,0,0,0110
1591,0,186,0,0,0110
1592,0,80,0,0,0110
1593,2,180,0,0,0110
1594,0,165,0,0,0110
1595,0,11,0,0,0110
1596,32,69,0,0,0110
1597,0,89,0,0,0110
1598,0,186,0,0,0110
1599,0,80,0,0,0110
1600,2,148,0,0,0110
1601,0,165,0,0,0110
1602,0,11,0,0,0110
1603,32,101,0,0,0110
1604,0,211,0,0,0110
1605,0,186,0,0,0110
1606,0,80,0,0,0110
1607,2,148,0,0,0110
1608,0,165,0,0,0110
1609,0,11,0,0,0110
1610,32,69,0,0,0110
1611,0,89,0,0,0110
1612,0,186,0,0,0110
1613,0,80,0,0,0110
1614,2,148,0,0,0110
1615,0,165,0,0,0110
1616,0,11,0,0,0110
1617,32,69,0,0,0110
1618,0,89,0,0,0110
1619,0,186,0,0,0110
1620,0,80,0,0,0110
1621,2,148,0,0,0110
1622,0,165,0,0,0110
1623,0,11,0,0,0110
1624,32,69,0,0,0110
1625,0,89,0,0,0110
1626,0,186,0,0,0110
1627,1,80,0,0,0110
1628,2,246,0,0,0110
1629,0,165,0,0,0110
1630,0,11,0,0,0110
1631,32,69,0,0,0110
1632,0,93,0,0,0110
1633,0,186,0,0,0110
1634,1,80,0,0,0110
1635,2,212,0,0,0110
1636,0,165,0,0,0110
1637,0,11,0,0,0110
1638,32,101,0,0,0110
1639,0,89,0,0,0110
1640,0,186,0,0,0110
1641,1,80,0,0,0110
1642,2,148,0,0,0110
1643,0,165,0,0,0110
1644,16,11,0,0,0110
1645,32,69,0,0,0110
1646,0,89,0,0,0110
1647,0,186,0,0,0110
1648,1,80,0,0,0110
1649,2,246,0,0,0110
1650,0,165,0,0,0110
1651,16,11,0,0,0110
1652,32,69,0,0,0110
1653,0,91,0,0,0110
1654,0,186,0,0,0110
1655,1,80,0,0,0110
1656,2,246,0,0,0110
1657,0,165,0,0,0110
1658,0,11,0,0,0110
1659,32,101,0,0,0110
1660,0,89,0,0,0110
1661,0,186,0,0,0110
1662,1,80,0,0,0110
1663,2,148,0,0,0110
1664,0,165,0,0,0110
1665,0,11,0,0,0110
1666,32,101,0,0,0110
1667,0,93,0,0,0110
1668,0,186,0,0,0110
1669,1,80,0,0,0110
1670,2,52,0,0,0110
1671,0,165,0,0,0110
1672,16,11,0,0,0110
1673,32,101,0,0,0110
1674,0,91,0,0,0110
1675,0,186,0,0,0110
1676,1,80,0,0,0110
1677,2,212,0,0,0110
1678,0,165,0,0,0110
1679,16,11,0,0,0110
1680,32,85,0,0,0110
1681,0,89,0,0,0110
1682,0,186,0,0,0110
1683,1,80,0,0,0110
1684,2,212,0,0,0110
1685,0,165,0,0,0110
1686,16,11,0,0,0110
1687,32,69,0,0,0110
1688,0,91,0,0,0110
1689,0,186,0,0,0110
1690,1,80,0,0,0110
1691,2,214,0,0,0110
1692,0,165,0,0,0110
1693,16,11,0,0,0110
1694,32,101,0,0,0110
1695,0,95,0,0,0110
1696,0,186,0,0,0110
1697,1,80,0,0,0110
1698,2,244,0,0,0110
1699,0,165,0,0,0110
1700,16,11,0,0,0110
1701,32,69,0,0,0110
1702,0,89,0,0,0110
1703,0,186,0,0,0110
1704,1,80,0,0,0110
1705,2,148,0,0,0110
1706,0,165,0,0,0110
1707,0,11,0,0,0110
1708,32,69,0,0,0110
1709,0,91,0,0,0110
1710,0,186,0,0,0110
1711,1,80,0,0,0110
1712,2,244,0,0,0110
1713,0,165,0,0,0110
1714,0,11,0,0,0110
1715,32,101,0,0,0110
1716,0,89,0,0,0110
1717,0,186,0,0,0110
1718,0,80,0,0,0110
1719,2,148,0,0,0110
1720,0,165,0,0,0110
1721,0,11,0,0,0110
1722,32,69,0,0,0110
1723,0,91,0,0,0110
1724,0,186,0,0,0110
1725,0,80,0,0,0110
1726,2,180,0,0,0110
1727,0,165,0,0,0110
1728,0,11,0,0,0110
1729,32,85,0,0,0110
1730,0,89,0,0,0110
1731,0,186,0,0,0110
1732,1,80,0,0,0110
1733,2,180,0,0,0110
1734,0,165,0,0,0110
1735,0,11,0,0,0110
1736,32,101,0,0,0110
1737,0,89,0,0,0110
1738,0,186,0,0,0110
1739,1,80,0,0,0110
1740,2,246,0,0,0110
1741,0,165,0,0,0110
1742,0,11,0,0,0110
1743,32,69,0,0,0110
1744,0,95,0,0,0110
1745,0,186,0,0,0110
1746,1,80,0,0,0110
1747,2,150,0,0,0110
1748,0,165,0,0,0110
1749,0,11,0,0,0110
1750,32,69,0,0,0110
1751,0,91,0,0,0110
1752,0,186,0,0,0110
1753,0,80,0,0,0110
1754,2,180,0,0,0110
1755,0,165,0,0,0110
1756,0,11,0,0,0110
1757,32,69,0,0,0110
1758,0,95,0,0,0110
1759,0,186,0,0,0110
1760,0,80,0,0,0110
1761,2,52,0,0,0110
1762,0,173,0,0,0110
1763,0,11,0,0,0110
1764,32,69,0,0,0110
1765,0,81,0,0,0110
1766,0,186,0,0,0110
1767,0,80,0,0,0110
1768,2,52,0,0,0110
1769,0,0,0,0,0110
1770,0,0,0,0,0110
1771,0,0,0,0,0110
1772,0,0,0,0,0110
1773,0,0,0,0,0110
1774,0,0,0,0,0110
1775,0,0,0,0,0110
1776,0,0,0,1,0110
1777,0,0,1,1,0110
1778,64,104,1,0,0110
1779,128,158,1,0,0110
1780,1,60,1,0,0110
1781,3,241,1,0,0110
1782,4,244,1,0,0110
1783,24,1,1,0,0110
1784,0,0,1,0,0110
1785,0,0,1,0,0110
1786,0,0,1,0,0110
1787,0,0,1,0,0110
1788,0,0,1,0,0110
1789,0,0,1,0,0110
1790,0,0,1,0,0110
1791,0,0,1,0,0110
1792,0,0,1,0,0110
1793,0,0,1,0,0110
1794,192,215,1,0,0110
1795,5,163,1,0,0110
1796,240,160,1,0,0110
1797,80,175,1,0,0110
1798,92,175,1,0,0110
1799,92,207,1,0,0110
1800,84,15,1,0,0110
1801,76,175,1,0,0110
1802,68,47,1,0,0110
1803,68,239,1,0,0110
1804,92,143,1,0,0110
1805,100,15,1,0,0110
1806,108,240,1,0,0110
1807,100,15,1,0,0110
1808,52,112,1,0,0110
1809,44,240,1,0,0110
1810,44,175,1,0,0110
1811,60,176,1,0,0110
1812,76,143,1,0,0110
1813,76,16,1,0,0110
1814,92,111,1,0,0110
1815,100,80,1,0,0110
1816,100,111,1,0,0110
1817,100,112,1,0,0110
1818,92,207,1,0,0110
1819,92,208,1,0,0110
1820,92,15,1,0,0110
1821,108,240,1,0,0110
1822,116,47,1,0,0110
1823,108,240,1,0,0110
1824,84,47,1,0,0110
1825,76,176,1,0,0110
1826,84,15,1,0,0110
1827,84,112,1,0,0110
1828,92,15,1,0,0110
1829,100,208,1,0,0110
1830,92,111,1,0,0110
1831,84,16,1,0,0110
1832,76,112,1,0,0110
1833,68,112,1,0,0110
1834,84,47,1,0,0110
1835,108,144,1,0,0110
1836,100,239,1,0,0110
1837,100,79,1,0,0110
1838,108,175,1,0,0110
1839,100,79,1,0,0110
1840,84,143,1,0,0110
1841,84,143,1,0,0110
1842,92,175,1,0,0110
1843,84,143,1,0,0110
1844,100,47,1,0,0110
1845,116,176,1,0,0110
1846,116,143,1,0,0110
1847,108,208,1,0,0110
1848,92,111,1,0,0110
1849,84,208,1,0,0110
1850,76,79,1,0,0110
1851,76,144,1,0,0110
1852,76,47,1,0,0110
1853,108,144,1,0,0110
1854,124,79,1,0,0110
1855,116,240,1,0,0110
1856,116,143,1,0,0110
1857,100,48,1,0,0110
1858,84,80,1,0,0110
1859,84,48,1,0,0110
1860,92,207,1,0,0110
1861,100,79,1,0,0110
1862,92,79,1,0,0110
1863,92,111,1,0,0110
1864,92,111,1,0,0110
1865,92,47,1,0,0110
1866,84,111,1,0,0110
1867,92,175,1,0,0110
1868,108,238,1,0,0110
1869,100,79,1,0,0110
1870,92,79,1,0,0110
1871,92,80,1,0,0110
1872,116,143,1,0,0110
1873,108,112,1,0,0110
1874,84,143,1,0,0110
1875,84,144,1,0,0110
1876,108,175,1,0,0110
1877,100,112,1,0,0110
1878,108,15,1,0,0110
1879,116,112,1,0,0110
1880,108,239,1,0,0110
1881,100,175,1,0,0110
1882,100,79,1,0,0110
1883,100,144,1,0,0110
1884,84,143,1,0,0110
1885,92,80,1,0,0110
1886,100,143,1,0,0110
1887,92,144,1,0,0110
1888,76,79,1,0,0110
1889,100,176,1,0,0110
1890,116,111,1,0,0110
1891,108,208,1,0,0110
1892,92,207,1,0,0110
1893,84,111,1,0,0110
1894,108,175,1,0,0110
1895,108,111,1,0,0110
1896,108,239,1,0,0110
1897,100,175,1,0,0110
1898,100,15,1,0,0110
1899,92,112,1,0,0110
1900,92,79,1,0,0110
1901,84,176,1,0,0110
1902,92,207,1,0,0110
1903,76,208,1,0,0110
1904,76,47,1,0,0110
1905,76,209,1,0,0110
1906,84,207,1,0,0110
1907,84,80,1,0,0110
1908,76,111,1,0,0110
1909,76,112,1,0,0110
1910,100,15,1,0,0110
1911,100,48,1,0,0110
1912,100,239,1,0,0110
1913,100,15,1,0,0110
1914,92,15,1,0,0110
1915,76,112,1,0,0110
1916,60,15,1,0,0110
1917,76,208,1,0,0110
1918,92,175,1,0,0110
1919,108,143,1,0,0110
1920,108,207,1,0,0110
1921,108,47,1,0,0110
1922,100,79,1,0,0110
1923,92,48,1,0,0110
1924,100,15,1,0,0110
1925,92,144,1,0,0110
1926,76,15,1,0,0110
1927,76,144,1,0,0110
1928,84,79,1,0,0110
1929,92,208,1,0,0110
1930,92,47,1,0,0110
1931,92,16,1,0,0110
1932,84,208,1,0,0110
1933,92,207,1,0,0110
1934,92,15,1,0,0110
1935,84,80,1,0,0110
1936,68,47,1,0,0110
1937,68,16,1,0,0110
1938,76,15,1,0,0110
1939,92,48,1,0,0110
1940,100,111,1,0,0110
1941,100,176,1,0,0110
1942,92,79,1,0,0110
1943,92,17,1,0,0110
1944,92,176,1,0,0110
1945,100,208,1,0,0110
1946,100,111,1,0,0110
1947,100,240,1,0,0110
1948,84,79,1,0,0110
1949,92,176,1,0,0110
1950,100,15,1,0,0110
1951,100,80,1,0,0110
1952,84,47,1,0,0110
1953,84,144,1,0,0110
1954,92,239,1,0,0110
1955,84,143,1,0,0110
1956,84,143,1,0,0110
1957,92,111,1,0,0110
1958,100,111,1,0,0110
1959,108,175,1,0,0110
1960,108,207,1,0,0110
1961,100,175,1,0,0110
1962,92,47,1,0,0110
1963,92,176,1,0,0110
1964,92,143,1,0,0110
1965,100,176,1,0,0110
1966,100,239,1,0,0110
1967,100,112,1,0,0110
1968,116,47,1,0,0110
1969,116,113,1,0,0110
1970,116,175,1,0,0110
1971,100,112,1,0,0110
1972,92,79,1,0,0110
1973,92,176,1,0,0110
1974,92,15,1,0,0110
1975,100,80,1,0,0110
1976,116,47,1,0,0110
1977,116,80,1,0,0110
1978,100,111,1,0,0110
1979,100,112,1,0,0110
1980,92,47,1,0,0110
1981,100,48,1,0,0110
1982,100,47,1,0,0110
1983,108,80,1,0,0110
1984,108,47,1,0,0110
1985,100,144,1,0,0110
1986,92,79,1,0,0110
1987,100,144,1,0,0110
1988,116,111,1,0,0110
1989,108,144,1,0,0110
1990,92,111,1,0,0110
1991,100,144,1,0,0110
1992,116,111,1,0,0110
1993,124,112,1,0,0110
1994,124,79,1,0,0110
1995,100,176,1,0,0110
1996,100,111,1,0,0110
1997,116,176,1,0,0110
1998,108,111,1,0,0110
1999,100,16,1,0,0110
2000,116,144,1,0,0110
2001,116,240,1,0,0110
2002,116,175,1,0,0110
2003,116,144,1,0,0110
2004,116,15,1,0,0110
2005,116,176,1,0,0110
2006,108,47,1,0,0110
2007,100,176,1,0,0110
2008,76,207,1,0,0110
2009,60,16,1,0,0110
2010,60,144,1,0,0110
2011,76,16,1,0,0110
2012,100,48,1,0,0110
2013,116,240,1,0,0110
2014,124,79,1,0,0110
2015,108,208,1,0,0110
2016,84,15,1,0,0110
2017,84,208,1,0,0110
2018,116,207,1,0,0110
2019,124,175,1,0,0110
2020,124,207,1,0,0110
2021,124,143,1,0,0110
2022,116,239,1,0,0110
2023,124,207,1,0,0110
2024,124,239,1,0,0110
2025,132,207,1,0,0110
2026,132,79,1,0,0110
2027,124,144,1,0,0110
2028,116,175,1,0,0110
2029,108,240,1,0,0110
2030,84,111,1,0,0110
2031,92,176,1,0,0110
2032,108,143,1,0,0110
2033,124,16,1,0,0110
2034,140,176,1,0,0110
2035,132,16,1,0,0110
2036,116,48,1,0,0110
2037,148,144,1,0,0110
2038,172,47,1,0,0110
2039,172,240,1,0,0110
2040,156,47,1,0,0110
2041,156,176,1,0,0110
2042,172,175,1,0,0110
2043,172,16,1,0,0110
2044,156,144,1,0,0110
2045,148,48,1,0,0110
2046,140,144,1,0,0110
2047,140,48,1,0,0110
2048,164,112,1,0,0110
2049,164,144,1,0,0110
2050,156,111,1,0,0110
2051,164,144,1,0,0110
2052,180,175,1,0,0110
2053,172,176,1,0,0110
2054,172,175,1,0,0110
2055,164,176,1,0,0110
2056,156,111,1,0,0110
2057,156,176,1,0,0110
2058,180,143,1,0,0110
2059,172,112,1,0,0110
2060,164,111,1,0,0110
2061,156,176,1,0,0110
2062,156,15,1,0,0110
2063,164,240,1,0,0110
2064,164,15,1,0,0110
2065,164,240,1,0,0110
2066,156,207,1,0,0110
2067,172,239,1,0,0110
2068,180,79,1,0,0110
2069,164,16,1,0,0110
2070,164,176,1,0,0110
2071,172,240,1,0,0110
2072,172,175,1,0,0110
2073,180,240,1,0,0110
2074,196,79,1,0,0110
2075,180,208,1,0,0110
2076,156,47,1,0,0110
2077,156,144,1,0,0110
2078,172,15,1,0,0110
2079,180,208,1,0,0110
2080,180,207,1,0,0110
2081,180,15,1,0,0110
2082,180,208,1,0,0110
2083,172,239,1,0,0110
2084,164,239,1,0,0110
2085,164,111,1,0,0110
2086,188,79,1,0,0110
2087,172,80,1,0,0110
2088,156,175,1,0,0110
2089,156,144,1,0,0110
2090,164,175,1,0,0110
2091,164,176,1,0,0110
2092,156,175,1,0,0110
2093,164,144,1,0,0110
2094,180,239,1,0,0110
2095,180,176,1,0,0110
2096,164,143,1,0,0110
2097,180,240,1,0,0110
2098,196,111,1,0,0110
2099,188,16,1,0,0110
2100,180,240,1,0,0110
2101,164,144,1,0,0110
2102,140,143,1,0,0110
2103,148,80,1,0,0110
2104,180,143,1,0,0110
2105,172,143,1,0,0110
2106,164,143,1,0,0110
2107,156,143,1,0,0110
2108,148,239,1,0,0110
2109,164,207,1,0,0110
2110,164,79,1,0,0110
2111,172,240,1,0,0110
2112,164,207,1,0,0110
2113,156,175,1,0,0110
2114,156,207,1,0,0110
2115,156,143,1,0,0110
2116,156,47,1,0,0110
2117,156,16,1,0,0110
2118,156,48,1,0,0110
2119,148,208,1,0,0110
2120,140,143,1,0,0110
2121,156,207,1,0,0110
2122,172,207,1,0,0110
2123,156,143,1,0,0110
2124,148,79,1,0,0110
2125,148,176,1,0,0110
2126,148,15,1,0,0110
2127,156,176,1,0,0110
2128,164,111,1,0,0110
2129,140,80,1,0,0110
2130,108,143,1,0,0110
2131,108,240,1,0,0110
2132,132,47,1,0,0110
2133,140,16,1,0,0110
2134,124,112,1,0,0110
2135,124,48,1,0,0110
2136,116,176,1,0,0110
2137,108,16,1,0,0110
2138,100,112,1,0,0110
2139,108,208,1,0,0110
2140,116,79,1,0,0110
2141,108,208,1,0,0110
2142,108,15,1,0,0110
2143,108,208,1,0,0110
2144,116,239,1,0,0110
2145,116,175,1,0,0110
2146,100,239,1,0,0110
2147,100,239,1,0,0110
2148,100,47,1,0,0110
2149,76,176,1,0,0110
2150,68,175,1,0,0110
2151,68,79,1,0,0110
2152,76,143,1,0,0110
2153,68,175,1,0,0110
2154,52,175,1,0,0110
2155,52,239,1,0,0110
2156,52,239,1,0,0110
2157,60,239,1,0,0110
2158,68,175,1,0,0110
2159,60,47,1,0,0110
2160,60,144,1,0,0110
2161,52,239,1,0,0110
2162,60,207,1,0,0110
2163,68,239,1,0,0110
2164,60,79,1,0,0110
2165,44,239,1,0,0110
2166,36,207,1,0,0110
2167,36,15,1,0,0110
2168,36,16,1,0,0110
2169,36,176,1,0,0110
2170,28,239,1,0,0110
2171,28,207,1,0,0110
2172,12,47,1,0,0110
2173,252,112,1,0,0110
2174,243,208,1,0,0110
2175,3,15,1,0,0110
2176,36,16,1,0,0110
2177,28,208,1,0,0110
2178,12,207,1,0,0110
2179,4,175,1,0,0110
2180,12,111,1,0,0110
2181,12,143,1,0,0110
2182,252,15,1,0,0110
2183,251,208,1,0,0110
2184,251,15,1,0,0110
2185,243,48,1,0,0110
2186,235,176,1,0,0110
2187,243,15,1,0,0110
2188,235,112,1,0,0110
2189,219,207,1,0,0110
2190,219,175,1,0,0110
2191,219,111,1,0,0110
2192,219,112,1,0,0110
2193,227,47,1,0,0110
2194,211,176,1,0,0110
2195,219,47,1,0,0110
2196,227,240,1,0,0110
2197,227,111,1,0,0110
2198,227,207,1,0,0110
2199,219,79,1,0,0110
2200,219,143,1,0,0110
2201,219,207,1,0,0110
2202,211,207,1,0,0110
2203,203,47,1,0,0110
2204,211,176,1,0,0110
2205,219,15,1,0,0110
2206,211,240,1,0,0110
2207,203,239,1,0,0110
2208,187,239,1,0,0110
2209,187,207,1,0,0110
2210,179,207,1,0,0110
2211,187,239,1,0,0110
2212,179,175,1,0,0110
2213,179,15,1,0,0110
2214,195,80,1,0,0110
2215,195,15,1,0,0110
2216,195,80,1,0,0110
2217,187,15,1,0,0110
2218,179,208,1,0,0110
2219,187,46,1,0,0110
2220,195,176,1,0,0110
2221,187,14,1,0,0110
2222,171,48,1,0,0110
2223,179,111,1,0,0110
2224,187,79,1,0,0110
2225,187,79,1,0,0110
2226,187,175,1,0,0110
2227,187,175,1,0,0110
2228,187,111,1,0,0110
2229,171,143,1,0,0110
2230,163,143,1,0,0110
2231,171,143,1,0,0110
2232,171,79,1,0,0110
2233,163,207,1,0,0110
2234,163,143,1,0,0110
2235,155,207,1,0,0110
2236,155,175,1,0,0110
2237,147,207,1,0,0110
2238,147,111,1,0,0110
2239,147,111,1,0,0110
2240,171,207,1,0,0110
2241,163,111,1,0,0110
2242,139,207,1,0,0110
2243,139,143,1,0,0110
2244,139,79,1,0,0110
2245,139,240,1,0,0110
2246,139,47,1,0,0110
2247,155,48,1,0,0110
2248,163,48,1,0,0110
2249,171,48,1,0,0110
2250,155,80,1,0,0110
2251,163,240,1,0,0110
2252,179,79,1,0,0110
2253,179,112,1,0,0110
2254,195,239,1,0,0110
2255,203,143,1,0,0110
2256,219,143,1,0,0110
2257,211,175,1,0,0110
2258,211,143,1,0,0110
2259,211,207,1,0,0110
2260,195,143,1,0,0110
2261,187,111,1,0,0110
2262,187,239,1,0,0110
2263,195,79,1,0,0110
2264,211,47,1,0,0110
2265,219,80,1,0,0110
2266,219,239,1,0,0110
2267,211,175,1,0,0110
2268,211,143,1,0,0110
2269,219,15,1,0,0110
2270,219,208,1,0,0110
2271,211,239,1,0,0110
2272,219,111,1,0,0110
2273,227,175,1,0,0110
2274,219,143,1,0,0110
2275,211,15,1,0,0110
2276,203,144,1,0,0110
2277,187,47,1,0,0110
2278,179,208,1,0,0110
2279,171,239,1,0,0110
2280,171,79,1,0,0110
2281,187,112,1,0,0110
2282,195,207,1,0,0110
2283,203,111,1,0,0110
2284,195,239,1,0,0110
2285,195,206,1,0,0110
2286,187,239,1,0,0110
2287,147,46,1,0,0110
2288,59,80,1,0,0110
2289,27,111,1,0,0110
2290,227,48,1,0,0110
2291,218,15,1,0,0110
2292,234,112,1,0,0110
2293,18,15,1,0,0110
2294,35,48,1,0,0110
2295,19,239,1,0,0110
2296,243,143,1,0,0110
2297,242,206,1,0,0110
2298,250,207,1,0,0110
2299,250,142,1,0,0110
2300,250,239,1,0,0110
2301,18,207,1,0,0110
2302,43,47,1,0,0110
2303,27,240,1,0,0110
2304,243,15,1,0,0110
2305,242,240,1,0,0110
2306,26,47,1,0,0110
2307,27,48,1,0,0110
2308,19,144,1,0,0110
2309,19,175,1,0,0110
2310,35,111,1,0,0110
2311,27,111,1,0,0110
2312,251,16,1,0,0110
2313,10,80,1,0,0110
2314,19,176,1,0,0110
2315,35,79,1,0,0110
2316,67,79,1,0,0110
2317,75,79,1,0,0110
2318,75,143,1,0,0110
2319,91,111,1,0,0110
2320,99,175,1,0,0110
2321,91,143,1,0,0110
2322,99,175,1,0,0110
2323,99,111,1,0,0110
2324,107,239,1,0,0110
2325,115,175,1,0,0110
2326,123,78,1,0,0110
2327,115,208,1,0,0110
2328,107,174,1,0,0110
2329,123,15,1,0,0110
2330,155,175,1,0,0110
2331,171,239,1,0,0110
2332,171,14,1,0,0110
2333,171,208,1,0,0110
2334,179,78,1,0,0110
2335,187,80,1,0,0110
2336,171,174,1,0,0110
2337,171,80,1,0,0110
2338,203,78,1,0,0110
2339,219,208,1,0,0110
2340,219,206,1,0,0110
2341,227,239,1,0,0110
2342,227,14,1,0,0110
2343,227,208,1,0,0110
2344,235,110,1,0,0110
2345,251,208,1,0,0110
2346,27,14,1,0,0110
2347,44,144,1,0,0110
2348,60,206,1,0,0110
2349,68,176,1,0,0110
2350,68,142,1,0,0110
2351,92,176,1,0,0110
2352,124,174,1,0,0110
2353,132,144,1,0,0110
2354,116,78,1,0,0110
2355,108,49,1,0,0110
2356,100,78,1,0,0110
2357,92,241,1,0,0110
2358,84,45,1,0,0110
2359,84,113,1,0,0110
2360,84,206,1,0,0110
2361,76,176,1,0,0110
2362,52,78,1,0,0110
2363,44,112,1,0,0110
2364,44,174,1,0,0110
2365,52,112,1,0,0110
2366,60,206,1,0,0110
2367,52,144,1,0,0110
2368,36,110,1,0,0110
2369,12,80,1,0,0110
2370,228,110,1,0,0110
2371,203,240,1,0,0110
2372,91,173,1,0,0110
2373,219,176,1,0,0110
2374,114,174,1,0,0110
2375,122,111,1,0,0110
2376,146,14,1,0,0110
2377,154,15,1,0,0110
2378,138,175,1,0,0110
2379,106,239,1,0,0110
2380,90,207,1,0,0110
2381,98,15,1,0,0110
2382,114,240,1,0,0110
2383,114,175,1,0,0110
2384,98,111,1,0,0110
2385,90,80,1,0,0110
2386,74,79,1,0,0110
2387,66,80,1,0,0110
2388,66,175,1,0,0110
2389,34,79,1,0,0110
2390,42,175,1,0,0110
2391,50,15,1,0,0110
2392,50,79,1,0,0110
2393,66,47,1,0,0110
2394,82,207,1,0,0110
2395,66,239,1,0,0110
2396,18,111,1,0,0110
2397,2,48,1,0,0110
2398,34,47,1,0,0110
2399,42,80,1,0,0110
2400,34,78,1,0,0110
2401,26,80,1,0,0110
2402,42,15,1,0,0110
2403,58,80,1,0,0110
2404,74,143,1,0,0110
2405,58,143,1,0,0110
2406,66,207,1,0,0110
2407,58,239,1,0,0110
2408,58,47,1,0,0110
2409,50,240,1,0,0110
2410,18,79,1,0,0110
2411,10,240,1,0,0110
2412,130,207,1,0,0110
2413,162,79,1,0,0110
2414,2,207,1,0,0110
2415,35,47,1,0,0110
2416,67,79,1,0,0110
2417,75,240,1,0,0110
2418,83,14,1,0,0110
2419,107,16,1,0,0110
2420,123,47,1,0,0110
2421,131,80,1,0,0110
2422,147,143,1,0,0110
2423,163,144,1,0,0110
2424,163,143,1,0,0110
2425,171,176,1,0,0110
2426,179,15,1,0,0110
2427,187,80,1,0,0110
2428,195,143,1,0,0110
2429,219,15,1,0,0110
2430,227,175,1,0,0110
2431,251,47,1,0,0110
2432,19,111,1,0,0110
2433,36,175,1,0,0110
2434,52,206,1,0,0110
2435,68,239,1,0,0110
2436,92,14,1,0,0110
2437,68,28,1,0,0110
2438,251,0,1,0,0110
2439,255,0,1,0,0110
2440,255,0,1,0,0110
2441,255,0,1,0,0110
2442,255,0,1,0,0110
2443,255,0,1,0,0110
2444,255,192,0,0,0110
2445,255,191,0,0,0110
2446,1,81,0,0,0110
2447,2,180,0,0,0110
2448,0,165,0,0,0110
2449,0,11,0,0,0110
2450,32,69,0,0,0110
2451,0,91,0,0,0110
2452,0,186,0,0,0110
2453,0,80,0,0,0110
2454,2,52,0,0,0110
2455,0,165,0,0,0110
2456,0,11,0,0,0110
2457,32,85,0,0,0110
2458,0,91,0,0,0110
2459,0,186,0,0,0110
2460,0,80,0,0,0110
2461,2,52,0,0,0110
2462,0,165,0,0,0110
2463,0,11,0,0,0110
2464,32,69,0,0,0110
2465,0,91,0,0,0110
2466,0,186,0,0,0110
2467,0,80,0,0,0110
2468,2,180,0,0,0110
2469,0,165,0,0,0110
2470,0,11,0,0,0110
2471,32,69,0,0,0110
2472,0,83,0,0,0110
2473,0,186,0,0,0110
2474,0,80,0,0,0110
2475,2,148,0,0,0110
2476,0,165,0,0,0110
2477,0,11,0,0,0110
2478,32,69,0,0,0110
2479,0,83,0,0,0110
2480,0,186,0,0,0110
2481,0,80,0,0,0110
2482,2,180,0,0,0110
2483,0,37,0,0,0110
2484,0,11,0,0,0110
2485,32,69,0,0,0110
2486,0,83,0,0,0110
2487,0,186,0,0,0110
2488,0,81,0,0,0110
2489,2,180,0,0,0110
2490,0,165,0,0,0110
2491,0,11,0,0,0110
2492,32,69,0,0,0110
2493,0,91,0,0,0110
2494,0,170,0,0,0110
2495,0,80,0,0,0110
2496,2,246,0,0,0110
2497,0,165,0,0,0110
2498,0,11,0,0,0110
2499,32,69,0,0,0110
2500,0,91,0,0,0110
2501,0,186,0,0,0110
2502,0,80,0,0,0110
2503,2,180,0,0,0110
2504,0,165,0,0,0110
2505,0,27,0,0,0110
2506,32,69,0,0,0110
2507,0,91,0,0,0110
2508,0,186,0,0,0110
2509,0,80,0,0,0110
2510,2,181,0,0,0110
2511,0,165,0,0,0110
2512,0,11,0,0,0110
2513,32,69,0,0,0110
2514,0,83,0,0,0110
2515,0,186,0,0,0110
2516,0,80,0,0,0110
2517,2,182,0,0,0110
2518,0,165,0,0,0110
2519,0,11,0,0,0110
2520,32,85,0,0,0110
2521,0,91,0,0,0110
2522,0,186,0,0,0110
2523,0,80,0,0,0110
2524,2,212,0,0,0110
2525,0,165,0,0,0110
2526,0,11,0,0,0110
2527,32,69,0,0,0110
2528,0,83,0,0,0110
2529,0,186,0,0,0110
2530,0,80,0,0,0110
2531,2,148,0,0,0110
2532,0,165,0,0,0110
2533,0,11,0,0,0110
2534,32,69,0,0,0110
2535,0,89,0,0,0110
2536,0,186,0,0,0110
2537,0,80,0,0,0110
2538,2,180,0,0,0110
2539,0,165,0,0,0110
2540,0,11,0,0,0110
2541,32,69,0,0,0110
2542,0,89,0,0,0110
2543,0,186,0,0,0110
2544,0,80,0,0,0110
2545,2,180,0,0,0110
2546,0,165,0,0,0110
2547,0,11,0,0,0110
2548,32,65,0,0,0110
2549,0,89,0,0,0110
2550,0,186,0,0,0110
2551,0,80,0,0,0110
2552,2,212,0,0,0110
2553,0,165,0,0,0110
2554,0,11,0,0,0110
2555,32,69,0,0,0110
2556,0,91,0,0,0110
2557,0,186,0,0,0110
2558,0,80,0,0,0110
2559,2,150,0,0,0110
2560,0,165,0,0,0110
2561,0,11,0,0,0110
2562,32,69,0,0,0110
2563,0,95,0,0,0110
2564,0,186,0,0,0110
2565,0,81,0,0,0110
2566,2,214,0,0,0110
2567,0,165,0,0,0110
2568,0,11,0,0,0110
2569,32,69,0,0,0110
2570,0,91,0,0,0110
2571,0,186,0,0,0110
2572,0,80,0,0,0110
2573,2,244,0,0,0110
2574,0,165,0,0,0110
2575,16,11,0,0,0110
2576,32,69,0,0,0110
2577,0,95,0,0,0110
2578,0,186,0,0,0110
2579,1,81,0,0,0110
2580,2,182,0,0,0110
2581,0,165,0,0,0110
2582,16,11,0,0,0110
2583,32,69,0,0,0110
2584,0,93,0,0,0110
2585,0,186,0,0,0110
2586,1,80,0,0,0110
2587,2,150,0,0,0110
2588,0,165,0,0,0110
2589,0,10,0,0,0110
2590,32,69,0,0,0110
2591,0,93,0,0,0110
2592,0,186,0,0,0110
2593,1,80,0,0,0110
2594,2,148,0,0,0110
2595,0,165,0,0,0110
2596,16,11,0,0,0110
2597,32,69,0,0,0110
2598,0,95,0,0,0110
2599,0,186,0,0,0110
2600,1,80,0,0,0110
2601,2,214,0,0,0110
2602,0,165,0,0,0110
2603,16,11,0,0,0110
2604,32,69,0,0,0110
2605,0,93,0,0,0110
2606,0,186,0,0,0110
2607,1,80,0,0,0110
2608,2,244,0,0,0110
2609,0,165,0,0,0110
2610,16,27,0,0,0110
2611,32,101,0,0,0110
2612,0,89,0,0,0110
2613,0,186,0,0,0110
2614,1,80,0,0,0110
2615,2,244,0,0,0110
2616,0,165,0,0,0110
2617,16,11,0,0,0110
2618,32,101,0,0,0110
2619,0,89,0,0,0110
2620,0,186,0,0,0110
2621,1,80,0,0,0110
2622,2,183,0,0,0110
2623,0,165,0,0,0110
2624,0,11,0,0,0110
2625,32,69,0,0,0110
2626,0,91,0,0,0110
2627,0,186,0,0,0110
2628,1,80,0,0,0110
2629,2,244,0,0,0110
2630,0,165,0,0,0110
2631,16,11,0,0,0110
2632,32,69,0,0,0110
2633,0,91,0,0,0110
2634,0,186,0,0,0110
2635,0,80,0,0,0110
2636,2,150,0,0,0110
2637,0,165,0,0,0110
2638,0,11,0,0,0110
2639,32,101,0,0,0110
2640,0,91,0,0,0110
2641,0,186,0,0,0110
2642,1,80,0,0,0110
2643,2,150,0,0,0110
2644,0,165,0,0,0110
2645,0,11,0,0,0110
2646,32,101,0,0,0110
2647,0,95,0,0,0110
2648,0,186,0,0,0110
2649,1,80,0,0,0110
2650,2,212,0,0,0110
2651,0,165,0,0,0110
2652,0,11,0,0,0110
2653,32,69,0,0,0110
2654,0,89,0,0,0110
2655,0,186,0,0,0110
2656,0,80,0,0,0110
2657,2,150,0,0,0110
2658,0,165,0,0,0110
2659,0,11,0,0,0110
2660,32,69,0,0,0110
2661,0,95,0,0,0110
2662,0,186,0,0,0110
2663,1,80,0,0,0110
2664,2,180,0,0,0110
2665,0,165,0,0,0110
2666,16,11,0,0,0110
2667,32,69,0,0,0110
2668,0,95,0,0,0110
2669,0,186,0,0,0110
2670,0,80,0,0,0110
2671,2,214,0,0,0110
2672,0,165,0,0,0110
2673,0,11,0,0,0110
2674,32,101,0,0,0110
2675,0,89,0,0,0110
2676,0,186,0,0,0110
2677,1,80,0,0,0110
2678,2,180,0,0,0110
2679,0,165,0,0,0110
2680,0,11,0,0,0110
2681,32,101,0,0,0110
2682,0,91,0,0,0110
2683,0,186,0,0,0110
2684,1,80,0,0,0110
2685,2,182,0,0,0110
2686,0,165,0,0,0110
2687,0,11,0,0,0110
2688,32,101,0,0,0110
2689,0,95,0,0,0110
2690,0,186,0,0,0110
2691,1,80,0,0,0110
2692,2,86,0,0,0110
2693,0,165,0,0,0110
2694,0,11,0,0,0110
2695,32,69,0,0,0110
2696,0,89,0,0,0110
2697,0,186,0,0,0110
2698,1,80,0,0,0110
2699,2,148,0,0,0110
2700,0,165,0,0,0110
2701,0,11,0,0,0110
2702,32,69,0,0,0110
2703,0,89,0,0,0110
2704,0,186,0,0,0110
2705,0,81,0,0,0110
2706,2,180,0,0,0110
2707,0,165,0,0,0110
2708,0,11,0,0,0110
2709,32,101,0,0,0110
2710,0,83,0,0,0110
2711,0,186,0,0,0110
2712,0,80,0,0,0110
2713,2,180,0,0,0110
2714,0,165,0,0,0110
2715,0,11,0,0,0110
2716,32,69,0,0,0110
2717,0,0,0,0,0110
2718,0,0,0,0,0110
2719,0,0,0,0,0110
2720,0,0,0,0,0110
2721,0,0,0,0,0110
2722,0,0,0,0,0110
2723,0,0,0,0,0110
2724,0,0,0,1,0110
2725,0,0,1,1,0110
2726,0,240,1,0,0110
2727,6,228,1,0,0110
2728,24,193,1,0,0110
2729,48,19,1,0,0110
2730,64,79,1,0,0110
2731,0,0,1,0,0110
2732,0,0,1,0,0110
2733,0,0,1,0,0110
2734,0,0,1,0,0110
2735,0,0,1,0,0110
2736,0,0,1,0,0110
2737,0,0,1,0,0110
2738,0,0,1,0,0110
2739,0,0,1,0,0110
2740,0,0,1,0,0110
2741,0,0,1,0,0110
2742,192,215,1,0,0110
2743,5,163,1,0,0110
2744,240,64,1,0,0110
2745,80,143,1,0,0110
2746,92,79,1,0,0110
2747,92,175,1,0,0110
2748,100,239,1,0,0110
2749,92,78,1,0,0110
2750,76,175,1,0,0110
2751,68,15,1,0,0110
2752,76,112,1,0,0110
2753,84,16,1,0,0110
2754,92,176,1,0,0110
2755,92,240,1,0,0110
2756,60,79,1,0,0110
2757,68,240,1,0,0110
2758,76,111,1,0,0110
2759,68,208,1,0,0110
2760,76,143,1,0,0110
2761,76,144,1,0,0110
2762,76,47,1,0,0110
2763,76,176,1,0,0110
2764,84,207,1,0,0110
2765,76,143,1,0,0110
2766,68,47,1,0,0110
2767,76,240,1,0,0110
2768,92,239,1,0,0110
2769,108,175,1,0,0110
2770,100,15,1,0,0110
2771,84,176,1,0,0110
2772,84,79,1,0,0110
2773,76,176,1,0,0110
2774,84,111,1,0,0110
2775,84,144,1,0,0110
2776,92,143,1,0,0110
2777,84,240,1,0,0110
2778,68,207,1,0,0110
2779,76,240,1,0,0110
2780,84,15,1,0,0110
2781,76,112,1,0,0110
2782,84,79,1,0,0110
2783,100,176,1,0,0110
2784,100,79,1,0,0110
2785,100,144,1,0,0110
2786,92,207,1,0,0110
2787,84,47,1,0,0110
2788,76,79,1,0,0110
2789,76,80,1,0,0110
2790,68,47,1,0,0110
2791,84,112,1,0,0110
2792,116,111,1,0,0110
2793,116,240,1,0,0110
2794,116,79,1,0,0110
2795,116,208,1,0,0110
2796,108,239,1,0,0110
2797,100,239,1,0,0110
2798,84,111,1,0,0110
2799,68,208,1,0,0110
2800,68,143,1,0,0110
2801,84,208,1,0,0110
2802,100,79,1,0,0110
2803,108,208,1,0,0110
2804,100,47,1,0,0110
2805,92,240,1,0,0110
2806,76,15,1,0,0110
2807,76,80,1,0,0110
2808,92,15,1,0,0110
2809,92,80,1,0,0110
2810,84,175,1,0,0110
2811,100,111,1,0,0110
2812,124,143,1,0,0110
2813,124,79,1,0,0110
2814,108,143,1,0,0110
2815,92,15,1,0,0110
2816,84,111,1,0,0110
2817,92,80,1,0,0110
2818,100,143,1,0,0110
2819,100,80,1,0,0110
2820,100,111,1,0,0110
2821,100,48,1,0,0110
2822,108,15,1,0,0110
2823,116,144,1,0,0110
2824,116,15,1,0,0110
2825,116,176,1,0,0110
2826,132,175,1,0,0110
2827,124,143,1,0,0110
2828,108,207,1,0,0110
2829,100,143,1,0,0110
2830,100,47,1,0,0110
2831,92,144,1,0,0110
2832,92,15,1,0,0110
2833,100,80,1,0,0110
2834,116,15,1,0,0110
2835,100,80,1,0,0110
2836,76,207,1,0,0110
2837,92,175,1,0,0110
2838,124,79,1,0,0110
2839,132,176,1,0,0110
2840,116,239,1,0,0110
2841,100,79,1,0,0110
2842,92,239,1,0,0110
2843,92,143,1,0,0110
2844,84,239,1,0,0110
2845,84,207,1,0,0110
2846,92,47,1,0,0110
2847,100,80,1,0,0110
2848,108,47,1,0,0110
2849,100,144,1,0,0110
2850,92,15,1,0,0110
2851,84,112,1,0,0110
2852,76,47,1,0,0110
2853,84,80,1,0,0110
2854,92,143,1,0,0110
2855,92,16,1,0,0110
2856,84,143,1,0,0110
2857,84,112,1,0,0110
2858,100,111,1,0,0110
2859,100,80,1,0,0110
2860,100,111,1,0,0110
2861,100,16,1,0,0110
2862,100,47,1,0,0110
2863,84,80,1,0,0110
2864,76,143,1,0,0110
2865,84,176,1,0,0110
2866,84,111,1,0,0110
2867,92,144,1,0,0110
2868,116,175,1,0,0110
2869,108,80,1,0,0110
2870,100,207,1,0,0110
2871,100,48,1,0,0110
2872,100,15,1,0,0110
2873,84,112,1,0,0110
2874,76,15,1,0,0110
2875,84,240,1,0,0110
2876,100,15,1,0,0110
2877,108,240,1,0,0110
2878,100,175,1,0,0110
2879,100,239,1,0,0110
2880,92,79,1,0,0110
2881,92,207,1,0,0110
2882,92,143,1,0,0110
2883,92,111,1,0,0110
2884,84,175,1,0,0110
2885,84,79,1,0,0110
2886,84,207,1,0,0110
2887,84,175,1,0,0110
2888,84,47,1,0,0110
2889,84,16,1,0,0110
2890,92,144,1,0,0110
2891,92,240,1,0,0110
2892,100,175,1,0,0110
2893,108,144,1,0,0110
2894,92,239,1,0,0110
2895,92,144,1,0,0110
2896,100,143,1,0,0110
2897,100,48,1,0,0110
2898,100,176,1,0,0110
2899,84,208,1,0,0110
2900,76,79,1,0,0110
2901,100,144,1,0,0110
2902,108,175,1,0,0110
2903,108,143,1,0,0110
2904,92,15,1,0,0110
2905,92,144,1,0,0110
2906,100,47,1,0,0110
2907,108,176,1,0,0110
2908,108,79,1,0,0110
2909,100,208,1,0,0110
2910,92,47,1,0,0110
2911,100,208,1,0,0110
2912,116,79,1,0,0110
2913,108,144,1,0,0110
2914,84,111,1,0,0110
2915,92,112,1,0,0110
2916,124,175,1,0,0110
2917,116,80,1,0,0110
2918,100,111,1,0,0110
2919,100,112,1,0,0110
2920,100,15,1,0,0110
2921,108,144,1,0,0110
2922,116,239,1,0,0110
2923,108,175,1,0,0110
2924,100,79,1,0,0110
2925,92,112,1,0,0110
2926,92,79,1,0,0110
2927,108,112,1,0,0110
2928,108,79,1,0,0110
2929,100,144,1,0,0110
2930,92,79,1,0,0110
2931,100,112,1,0,0110
2932,108,111,1,0,0110
2933,108,240,1,0,0110
2934,100,47,1,0,0110
2935,100,208,1,0,0110
2936,108,15,1,0,0110
2937,100,176,1,0,0110
2938,92,79,1,0,0110
2939,92,208,1,0,0110
2940,100,111,1,0,0110
2941,108,240,1,0,0110
2942,116,79,1,0,0110
2943,108,208,1,0,0110
2944,100,111,1,0,0110
2945,108,208,1,0,0110
2946,108,111,1,0,0110
2947,108,80,1,0,0110
2948,108,16,1,0,0110
2949,108,48,1,0,0110
2950,116,48,1,0,0110
2951,116,208,1,0,0110
2952,116,79,1,0,0110
2953,124,208,1,0,0110
2954,116,79,1,0,0110
2955,108,144,1,0,0110
2956,116,175,1,0,0110
2957,100,144,1,0,0110
2958,68,175,1,0,0110
2959,76,240,1,0,0110
2960,100,239,1,0,0110
2961,116,239,1,0,0110
2962,124,47,1,0,0110
2963,124,176,1,0,0110
2964,100,143,1,0,0110
2965,100,48,1,0,0110
2966,124,240,1,0,0110
2967,132,207,1,0,0110
2968,140,175,1,0,0110
2969,132,143,1,0,0110
2970,116,207,1,0,0110
2971,116,239,1,0,0110
2972,116,175,1,0,0110
2973,116,15,1,0,0110
2974,116,80,1,0,0110
2975,108,144,1,0,0110
2976,100,111,1,0,0110
2977,92,208,1,0,0110
2978,68,79,1,0,0110
2979,84,176,1,0,0110
2980,132,143,1,0,0110
2981,140,16,1,0,0110
2982,132,48,1,0,0110
2983,116,48,1,0,0110
2984,108,176,1,0,0110
2985,124,143,1,0,0110
2986,140,239,1,0,0110
2987,148,175,1,0,0110
2988,140,47,1,0,0110
2989,148,112,1,0,0110
2990,164,143,1,0,0110
2991,172,240,1,0,0110
2992,188,15,1,0,0110
2993,180,176,1,0,0110
2994,164,111,1,0,0110
2995,164,240,1,0,0110
2996,164,143,1,0,0110
2997,156,176,1,0,0110
2998,156,175,1,0,0110
2999,156,176,1,0,0110
3000,164,207,1,0,0110
3001,172,240,1,0,0110
3002,172,175,1,0,0110
3003,164,144,1,0,0110
3004,148,79,1,0,0110
3005,156,176,1,0,0110
3006,172,79,1,0,0110
3007,172,144,1,0,0110
3008,148,15,1,0,0110
3009,156,176,1,0,0110
3010,180,47,1,0,0110
3011,180,240,1,0,0110
3012,164,79,1,0,0110
3013,164,240,1,0,0110
3014,164,47,1,0,0110
3015,172,240,1,0,0110
3016,172,175,1,0,0110
3017,164,208,1,0,0110
3018,164,175,1,0,0110
3019,164,208,1,0,0110
3020,164,79,1,0,0110
3021,172,176,1,0,0110
3022,180,47,1,0,0110
3023,172,240,1,0,0110
3024,164,79,1,0,0110
3025,156,208,1,0,0110
3026,172,15,1,0,0110
3027,180,240,1,0,0110
3028,172,239,1,0,0110
3029,172,239,1,0,0110
3030,172,207,1,0,0110
3031,172,143,1,0,0110
3032,172,239,1,0,0110
3033,172,143,1,0,0110
3034,180,15,1,0,0110
3035,180,144,1,0,0110
3036,164,111,1,0,0110
3037,164,208,1,0,0110
3038,156,111,1,0,0110
3039,156,240,1,0,0110
3040,148,79,1,0,0110
3041,164,208,1,0,0110
3042,188,111,1,0,0110
3043,180,176,1,0,0110
3044,164,143,1,0,0110
3045,172,48,1,0,0110
3046,180,176,1,0,0110
3047,180,48,1,0,0110
3048,172,240,1,0,0110
3049,172,112,1,0,0110
3050,156,175,1,0,0110
3051,164,144,1,0,0110
3052,172,143,1,0,0110
3053,172,208,1,0,0110
3054,156,47,1,0,0110
3055,156,176,1,0,0110
3056,148,47,1,0,0110
3057,156,240,1,0,0110
3058,172,47,1,0,0110
3059,172,16,1,0,0110
3060,156,208,1,0,0110
3061,156,143,1,0,0110
3062,156,239,1,0,0110
3063,156,175,1,0,0110
3064,148,47,1,0,0110
3065,156,112,1,0,0110
3066,164,15,1,0,0110
3067,156,176,1,0,0110
3068,132,207,1,0,0110
3069,148,175,1,0,0110
3070,164,15,1,0,0110
3071,164,112,1,0,0110
3072,164,79,1,0,0110
3073,156,176,1,0,0110
3074,140,15,1,0,0110
3075,140,176,1,0,0110
3076,148,79,1,0,0110
3077,132,80,1,0,0110
3078,108,143,1,0,0110
3079,116,176,1,0,0110
3080,132,175,1,0,0110
3081,124,239,1,0,0110
3082,116,15,1,0,0110
3083,124,16,1,0,0110
3084,124,80,1,0,0110
3085,124,240,1,0,0110
3086,124,47,1,0,0110
3087,108,208,1,0,0110
3088,84,207,1,0,0110
3089,84,207,1,0,0110
3090,92,239,1,0,0110
3091,100,175,1,0,0110
3092,116,47,1,0,0110
3093,116,80,1,0,0110
3094,108,79,1,0,0110
3095,100,176,1,0,0110
3096,92,79,1,0,0110
3097,76,208,1,0,0110
3098,60,239,1,0,0110
3099,60,111,1,0,0110
3100,68,175,1,0,0110
3101,60,79,1,0,0110
3102,44,15,1,0,0110
3103,44,240,1,0,0110
3104,52,79,1,0,0110
3105,52,48,1,0,0110
3106,60,240,1,0,0110
3107,52,47,1,0,0110
3108,52,176,1,0,0110
3109,44,47,1,0,0110
3110,44,144,1,0,0110
3111,44,15,1,0,0110
3112,52,144,1,0,0110
3113,52,207,1,0,0110
3114,44,15,1,0,0110
3115,36,176,1,0,0110
3116,28,79,1,0,0110
3117,28,176,1,0,0110
3118,28,47,1,0,0110
3119,28,240,1,0,0110
3120,4,15,1,0,0110
3121,4,112,1,0,0110
3122,244,208,1,0,0110
3123,251,239,1,0,0110
3124,19,239,1,0,0110
3125,28,239,1,0,0110
3126,12,207,1,0,0110
3127,12,239,1,0,0110
3128,4,143,1,0,0110
3129,252,207,1,0,0110
3130,251,239,1,0,0110
3131,251,239,1,0,0110
3132,243,47,1,0,0110
3133,235,48,1,0,0110
3134,219,208,1,0,0110
3135,243,15,1,0,0110
3136,235,208,1,0,0110
3137,219,207,1,0,0110
3138,227,47,1,0,0110
3139,227,80,1,0,0110
3140,227,16,1,0,0110
3141,219,112,1,0,0110
3142,211,240,1,0,0110
3143,195,15,1,0,0110
3144,211,48,1,0,0110
3145,211,208,1,0,0110
3146,203,79,1,0,0110
3147,203,208,1,0,0110
3148,219,175,1,0,0110
3149,219,15,1,0,0110
3150,211,176,1,0,0110
3151,203,79,1,0,0110
3152,211,80,1,0,0110
3153,219,47,1,0,0110
3154,219,80,1,0,0110
3155,211,47,1,0,0110
3156,187,176,1,0,0110
3157,179,239,1,0,0110
3158,187,207,1,0,0110
3159,203,15,1,0,0110
3160,187,176,1,0,0110
3161,179,15,1,0,0110
3162,179,144,1,0,0110
3163,179,47,1,0,0110
3164,187,80,1,0,0110
3165,179,15,1,0,0110
3166,187,176,1,0,0110
3167,195,174,1,0,0110
3168,195,239,1,0,0110
3169,187,174,1,0,0110
3170,171,175,1,0,0110
3171,179,111,1,0,0110
3172,179,175,1,0,0110
3173,179,79,1,0,0110
3174,171,175,1,0,0110
3175,171,111,1,0,0110
3176,171,47,1,0,0110
3177,163,176,1,0,0110
3178,147,207,1,0,0110
3179,147,207,1,0,0110
3180,155,175,1,0,0110
3181,163,47,1,0,0110
3182,163,112,1,0,0110
3183,171,239,1,0,0110
3184,179,143,1,0,0110
3185,163,239,1,0,0110
3186,147,79,1,0,0110
3187,155,143,1,0,0110
3188,155,111,1,0,0110
3189,147,111,1,0,0110
3190,139,143,1,0,0110
3191,139,143,1,0,0110
3192,139,207,1,0,0110
3193,139,239,1,0,0110
3194,131,175,1,0,0110
3195,147,15,1,0,0110
3196,179,80,1,0,0110
3197,179,176,1,0,0110
3198,171,143,1,0,0110
3199,179,144,1,0,0110
3200,187,79,1,0,0110
3201,179,176,1,0,0110
3202,195,15,1,0,0110
3203,203,176,1,0,0110
3204,203,175,1,0,0110
3205,211,239,1,0,0110
3206,219,143,1,0,0110
3207,227,175,1,0,0110
3208,211,239,1,0,0110
3209,187,111,1,0,0110
3210,163,207,1,0,0110
3211,179,143,1,0,0110
3212,211,15,1,0,0110
3213,219,176,1,0,0110
3214,219,239,1,0,0110
3215,211,239,1,0,0110
3216,219,111,1,0,0110
3217,227,239,1,0,0110
3218,243,239,1,0,0110
3219,235,175,1,0,0110
3220,211,207,1,0,0110
3221,203,175,1,0,0110
3222,195,15,1,0,0110
3223,195,16,1,0,0110
3224,187,16,1,0,0110
3225,179,80,1,0,0110
3226,179,208,1,0,0110
3227,179,175,1,0,0110
3228,155,15,1,0,0110
3229,163,176,1,0,0110
3230,187,207,1,0,0110
3231,195,143,1,0,0110
3232,179,111,1,0,0110
3233,171,143,1,0,0110
3234,163,111,1,0,0110
3235,131,175,1,0,0110
3236,51,207,1,0,0110
3237,19,207,1,0,0110
3238,211,175,1,0,0110
3239,218,175,1,0,0110
3240,234,207,1,0,0110
3241,2,207,1,0,0110
3242,43,239,1,0,0110
3243,35,175,1,0,0110
3244,243,15,1,0,0110
3245,242,143,1,0,0110
3246,10,15,1,0,0110
3247,19,143,1,0,0110
3248,3,207,1,0,0110
3249,19,239,1,0,0110
3250,27,207,1,0,0110
3251,251,16,1,0,0110
3252,218,48,1,0,0110
3253,234,176,1,0,0110
3254,2,47,1,0,0110
3255,19,208,1,0,0110
3256,19,239,1,0,0110
3257,11,239,1,0,0110
3258,19,239,1,0,0110
3259,35,175,1,0,0110
3260,19,176,1,0,0110
3261,19,47,1,0,0110
3262,19,112,1,0,0110
3263,35,143,1,0,0110
3264,51,175,1,0,0110
3265,59,78,1,0,0110
3266,75,15,1,0,0110
3267,83,111,1,0,0110
3268,99,175,1,0,0110
3269,91,239,1,0,0110
3270,91,174,1,0,0110
3271,99,15,1,0,0110
3272,99,175,1,0,0110
3273,107,207,1,0,0110
3274,123,238,1,0,0110
3275,131,15,1,0,0110
3276,131,175,1,0,0110
3277,147,239,1,0,0110
3278,171,174,1,0,0110
3279,163,239,1,0,0110
3280,163,78,1,0,0110
3281,171,176,1,0,0110
3282,187,110,1,0,0110
3283,195,112,1,0,0110
3284,195,78,1,0,0110
3285,203,208,1,0,0110
3286,243,14,1,0,0110
3287,243,144,1,0,0110
3288,235,206,1,0,0110
3289,235,143,1,0,0110
3290,251,14,1,0,0110
3291,3,144,1,0,0110
3292,4,110,1,0,0110
3293,28,16,1,0,0110
3294,44,47,1,0,0110
3295,52,144,1,0,0110
3296,76,174,1,0,0110
3297,84,144,1,0,0110
3298,76,46,1,0,0110
3299,84,17,1,0,0110
3300,108,111,1,0,0110
3301,116,209,1,0,0110
3302,100,142,1,0,0110
3303,100,49,1,0,0110
3304,92,206,1,0,0110
3305,84,17,1,0,0110
3306,84,206,1,0,0110
3307,76,145,1,0,0110
3308,60,78,1,0,0110
3309,52,209,1,0,0110
3310,52,142,1,0,0110
3311,52,112,1,0,0110
3312,60,46,1,0,0110
3313,52,112,1,0,0110
3314,52,14,1,0,0110
3315,36,80,1,0,0110
3316,28,78,1,0,0110
3317,252,80,1,0,0110
3318,203,110,1,0,0110
3319,171,16,1,0,0110
3320,27,14,1,0,0110
3321,179,176,1,0,0110
3322,138,14,1,0,0110
3323,138,143,1,0,0110
3324,138,174,1,0,0110
3325,130,46,1,0,0110
3326,98,143,1,0,0110
3327,90,175,1,0,0110
3328,90,111,1,0,0110
3329,90,176,1,0,0110
3330,98,79,1,0,0110
3331,98,80,1,0,0110
3332,98,15,1,0,0110
3333,82,144,1,0,0110
3334,74,239,1,0,0110
3335,74,175,1,0,0110
3336,82,47,1,0,0110
3337,50,144,1,0,0110
3338,18,175,1,0,0110
3339,18,207,1,0,0110
3340,42,239,1,0,0110
3341,58,14,1,0,0110
3342,50,176,1,0,0110
3343,50,206,1,0,0110
3344,50,47,1,0,0110
3345,34,208,1,0,0110
3346,42,142,1,0,0110
3347,50,112,1,0,0110
3348,34,14,1,0,0110
3349,34,240,1,0,0110
3350,58,79,1,0,0110
3351,82,175,1,0,0110
3352,66,175,1,0,0110
3353,58,143,1,0,0110
3354,34,239,1,0,0110
3355,42,175,1,0,0110
3356,50,239,1,0,0110
3357,42,47,1,0,0110
3358,26,144,1,0,0110
3359,50,143,1,0,0110
3360,210,240,1,0,0110
3361,218,15,1,0,0110
3362,250,176,1,0,0110
3363,26,47,1,0,0110
3364,83,111,1,0,0110
3365,99,15,1,0,0110
3366,107,143,1,0,0110
3367,115,79,1,0,0110
3368,139,143,1,0,0110
3369,139,207,1,0,0110
3370,147,175,1,0,0110
3371,163,143,1,0,0110
3372,163,239,1,0,0110
3373,179,175,1,0,0110
3374,195,15,1,0,0110
3375,203,80,1,0,0110
3376,235,111,1,0,0110
3377,19,239,1,0,0110
3378,44,206,1,0,0110
3379,36,15,1,0,0110
3380,36,175,1,0,0110
3381,52,143,1,0,0110
3382,68,174,1,0,0110
3383,68,175,1,0,0110
3384,76,238,1,0,0110
3385,124,30,1,0,0110
3386,6,0,1,0,0110
3387,0,0,1,0,0110
3388,0,0,1,0,0110
3389,0,0,1,0,0110
3390,0,0,1,0,0110
3391,0,0,1,0,0110
3392,0,192,0,0,0110
3393,112,255,0,0,0110
3394,0,11,0,0,0110
3395,32,69,0,0,0110
3396,0,91,0,0,0110
3397,0,178,0,0,0110
3398,0,80,0,0,0110
3399,2,148,0,0,0110
3400,0,165,0,0,0110
3401,0,11,0,0,0110
3402,32,101,0,0,0110
3403,0,89,0,0,0110
3404,0,186,0,0,0110
3405,0,80,0,0,0110
3406,2,180,0,0,0110
3407,0,165,0,0,0110
3408,0,11,0,0,0110
3409,32,101,0,0,0110
3410,0,91,0,0,0110
3411,0,186,0,0,0110
3412,0,80,0,0,0110
3413,2,180,0,0,0110
3414,0,165,0,0,0110
3415,0,11,0,0,0110
3416,32,69,0,0,0110
3417,0,91,0,0,0110
3418,0,186,0,0,0110
3419,0,80,0,0,0110
3420,2,148,0,0,0110
3421,0,165,0,0,0110
3422,0,11,0,0,0110
3423,32,69,0,0,0110
3424,0,91,0,0,0110
3425,0,186,0,0,0110
3426,0,81,0,0,0110
3427,2,148,0,0,0110
3428,0,165,0,0,0110
3429,0,11,0,0,0110
3430,32,69,0,0,0110
3431,0,89,0,0,0110
3432,0,170,0,0,0110
3433,0,80,0,0,0110
3434,2,244,0,0,0110
3435,0,165,0,0,0110
3436,0,11,0,0,0110
3437,32,69,0,0,0110
3438,0,91,0,0,0110
3439,0,186,0,0,0110
3440,0,80,0,0,0110
3441,2,148,0,0,0110
3442,0,165,0,0,0110
3443,0,11,0,0,0110
3444,32,65,0,0,0110
3445,0,87,0,0,0110
3446,0,186,0,0,0110
3447,0,80,0,0,0110
3448,2,180,0,0,0110
3449,0,165,0,0,0110
3450,0,11,0,0,0110
3451,32,69,0,0,0110
3452,0,91,0,0,0110
3453,0,186,0,0,0110
3454,0,80,0,0,0110
3455,2,148,0,0,0110
3456,0,165,0,0,0110
3457,0,11,0,0,0110
3458,32,69,0,0,0110
3459,0,83,0,0,0110
3460,0,186,0,0,0110
3461,0,80,0,0,0110
3462,2,180,0,0,0110
3463,0,165,0,0,0110
3464,0,10,0,0,0110
3465,32,101,0,0,0110
3466,0,91,0,0,0110
3467,0,186,0,0,0110
3468,0,80,0,0,0110
3469,2,180,0,0,0110
3470,0,165,0,0,0110
3471,0,11,0,0,0110
3472,32,69,0,0,0110
3473,0,91,0,0,0110
3474,0,186,0,0,0110
3475,0,80,0,0,0110
3476,2,212,0,0,0110
3477,0,165,0,0,0110
3478,0,11,0,0,0110
3479,32,69,0,0,0110
3480,0,89,0,0,0110
3481,0,186,0,0,0110
3482,0,80,0,0,0110
3483,2,148,0,0,0110
3484,0,165,0,0,0110
3485,0,11,0,0,0110
3486,32,69,0,0,0110
3487,0,89,0,0,0110
3488,0,186,0,0,0110
3489,0,80,0,0,0110
3490,2,148,0,0,0110
3491,0,165,0,0,0110
3492,0,11,0,0,0110
3493,32,69,0,0,0110
3494,0,91,0,0,0110
3495,0,186,0,0,0110
3496,0,80,0,0,0110
3497,2,244,0,0,0110
3498,0,37,0,0,0110
3499,0,11,0,0,0110
3500,32,69,0,0,0110
3501,0,95,0,0,0110
3502,0,186,0,0,0110
3503,0,80,0,0,0110
3504,2,214,0,0,0110
3505,0,165,0,0,0110
3506,0,11,0,0,0110
3507,32,69,0,0,0110
3508,0,95,0,0,0110
3509,0,186,0,0,0110
3510,0,80,0,0,0110
3511,2,150,0,0,0110
3512,0,165,0,0,0110
3513,0,11,0,0,0110
3514,32,69,0,0,0110
3515,0,93,0,0,0110
3516,0,186,0,0,0110
3517,0,80,0,0,0110
3518,2,212,0,0,0110
3519,0,165,0,0,0110
3520,0,11,0,0,0110
3521,32,69,0,0,0110
3522,0,95,0,0,0110
3523,0,186,0,0,0110
3524,1,80,0,0,0110
3525,2,246,0,0,0110
3526,0,165,0,0,0110
3527,0,11,0,0,0110
3528,32,101,0,0,0110
3529,0,89,0,0,0110
3530,0,186,0,0,0110
3531,1,16,0,0,0110
3532,2,244,0,0,0110
3533,0,165,0,0,0110
3534,0,11,0,0,0110
3535,32,69,0,0,0110
3536,0,91,0,0,0110
3537,0,186,0,0,0110
3538,0,80,0,0,0110
3539,2,244,0,0,0110
3540,0,165,0,0,0110
3541,0,11,0,0,0110
3542,32,69,0,0,0110
3543,0,89,0,0,0110
3544,0,186,0,0,0110
3545,1,80,0,0,0110
3546,2,180,0,0,0110
3547,0,165,0,0,0110
3548,16,11,0,0,0110
3549,32,69,0,0,0110
3550,0,91,0,0,0110
3551,0,186,0,0,0110
3552,1,80,0,0,0110
3553,2,182,0,0,0110
3554,0,165,0,0,0110
3555,0,11,0,0,0110
3556,32,101,0,0,0110
3557,0,95,0,0,0110
3558,0,186,0,0,0110
3559,0,80,0,0,0110
3560,2,214,0,0,0110
3561,0,165,0,0,0110
3562,16,11,0,0,0110
3563,32,69,0,0,0110
3564,0,91,0,0,0110
3565,0,186,0,0,0110
3566,1,80,0,0,0110
3567,2,244,0,0,0110
3568,0,165,0,0,0110
3569,16,11,0,0,0110
3570,32,101,0,0,0110
3571,0,93,0,0,0110
3572,0,186,0,0,0110
3573,1,80,0,0,0110
3574,2,151,0,0,0110
3575,0,165,0,0,0110
3576,0,11,0,0,0110
3577,32,69,0,0,0110
3578,0,89,0,0,0110
3579,0,186,0,0,0110
3580,1,80,0,0,0110
3581,2,214,0,0,0110
3582,0,165,0,0,0110
3583,0,11,0,0,0110
3584,32,69,0,0,0110
3585,0,91,0,0,0110
3586,0,186,0,0,0110
3587,1,80,0,0,0110
3588,2,246,0,0,0110
3589,0,165,0,0,0110
3590,0,11,0,0,0110
3591,32,101,0,0,0110
3592,0,83,0,0,0110
3593,0,186,0,0,0110
3594,0,80,0,0,0110
3595,2,244,0,0,0110
3596,0,165,0,0,0110
3597,0,11,0,0,0110
3598,32,69,0,0,0110
3599,0,91,0,0,0110
3600,0,186,0,0,0110
3601,0,80,0,0,0110
3602,2,180,0,0,0110
3603,0,165,0,0,0110
3604,0,11,0,0,0110
3605,32,101,0,0,0110
3606,0,91,0,0,0110
3607,0,186,0,0,0110
3608,1,80,0,0,0110
3609,2,246,0,0,0110
3610,0,165,0,0,0110
3611,0,11,0,0,0110
3612,32,101,0,0,0110
3613,0,91,0,0,0110
3614,0,186,0,0,0110
3615,0,80,0,0,0110
3616,2,182,0,0,0110
3617,0,165,0,0,0110
3618,0,11,0,0,0110
3619,32,69,0,0,0110
3620,0,89,0,0,0110
3621,0,170,0,0,0110
3622,1,80,0,0,0110
3623,2,246,0,0,0110
3624,0,165,0,0,0110
3625,0,11,0,0,0110
3626,32,69,0,0,0110
3627,0,87,0,0,0110
3628,0,186,0,0,0110
3629,1,80,0,0,0110
3630,2,180,0,0,0110
3631,0,165,0,0,0110
3632,0,11,0,0,0110
3633,32,69,0,0,0110
3634,0,91,0,0,0110
3635,0,186,0,0,0110
3636,0,80,0,0,0110
3637,2,180,0,0,0110
3638,0,165,0,0,0110
3639,0,11,0,0,0110
3640,32,101,0,0,0110
3641,0,91,0,0,0110
3642,0,186,0,0,0110
3643,1,80,0,0,0110
3644,2,244,0,0,0110
3645,0,165,0,0,0110
3646,0,11,0,0,0110
3647,32,69,0,0,0110
3648,0,91,0,0,0110
3649,0,170,0,0,0110
3650,0,80,0,0,0110
3651,2,244,0,0,0110
3652,0,165,0,0,0110
3653,0,11,0,0,0110
3654,32,69,0,0,0110
3655,0,89,0,0,0110
3656,0,186,0,0,0110
3657,0,80,0,0,0110
3658,2,244,0,0,0110
3659,0,165,0,0,0110
3660,0,11,0,0,0110
3661,32,101,0,0,0110
3662,0,91,0,0,0110
3663,0,186,0,0,0110
3664,0,80,0,0,0110
3665,2,0,0,0,0110
3666,0,0,0,0,0110
3667,0,0,0,0,0110
3668,0,0,0,0,0110
3669,0,0,0,0,0110
3670,0,0,0,0,0110
3671,0,0,0,0,0110
3672,0,0,0,1,0110
3673,0,0,1,1,0110
3674,0,16,1,0,0110
3675,64,79,1,0,0110
3676,128,30,1,0,0110
3677,1,60,1,0,0110
3678,3,240,1,0,0110
3679,4,0,1,0,0110
3680,0,0,1,0,0110
3681,0,0,1,0,0110
3682,0,0,1,0,0110
3683,0,0,1,0,0110
3684,0,0,1,0,0110
3685,0,0,1,0,0110
3686,0,0,1,0,0110
3687,0,0,1,0,0110
3688,0,0,1,0,0110
3689,0,0,1,0,0110
3690,192,215,1,0,0110
3691,5,163,1,0,0110
3692,240,160,1,0,0110
3693,72,15,1,0,0110
3694,84,80,1,0,0110
3695,108,207,1,0,0110
3696,116,15,1,0,0110
3697,108,143,1,0,0110
3698,84,47,1,0,0110
3699,84,240,1,0,0110
3700,76,207,1,0,0110
3701,60,112,1,0,0110
3702,52,175,1,0,0110
3703,68,112,1,0,0110
3704,84,143,1,0,0110
3705,92,176,1,0,0110
3706,100,47,1,0,0110
3707,84,176,1,0,0110
3708,84,207,1,0,0110
3709,92,239,1,0,0110
3710,92,111,1,0,0110
3711,84,207,1,0,0110
3712,68,47,1,0,0110
3713,68,239,1,0,0110
3714,68,143,1,0,0110
3715,68,47,1,0,0110
3716,84,240,1,0,0110
3717,92,207,1,0,0110
3718,84,15,1,0,0110
3719,84,112,1,0,0110
3720,100,47,1,0,0110
3721,84,112,1,0,0110
3722,68,15,1,0,0110
3723,68,144,1,0,0110
3724,68,143,1,0,0110
3725,68,240,1,0,0110
3726,76,143,1,0,0110
3727,92,176,1,0,0110
3728,100,47,1,0,0110
3729,100,144,1,0,0110
3730,108,143,1,0,0110
3731,100,208,1,0,0110
3732,100,15,1,0,0110
3733,84,16,1,0,0110
3734,76,176,1,0,0110
3735,60,175,1,0,0110
3736,60,207,1,0,0110
3737,68,111,1,0,0110
3738,92,79,1,0,0110
3739,100,240,1,0,0110
3740,108,207,1,0,0110
3741,108,47,1,0,0110
3742,100,144,1,0,0110
3743,108,239,1,0,0110
3744,116,79,1,0,0110
3745,116,207,1,0,0110
3746,100,175,1,0,0110
3747,84,175,1,0,0110
3748,84,111,1,0,0110
3749,76,16,1,0,0110
3750,68,240,1,0,0110
3751,84,239,1,0,0110
3752,84,207,1,0,0110
3753,84,175,1,0,0110
3754,84,47,1,0,0110
3755,92,48,1,0,0110
3756,108,111,1,0,0110
3757,116,48,1,0,0110
3758,108,111,1,0,0110
3759,108,144,1,0,0110
3760,124,79,1,0,0110
3761,116,208,1,0,0110
3762,100,111,1,0,0110
3763,92,144,1,0,0110
3764,84,239,1,0,0110
3765,84,176,1,0,0110
3766,76,207,1,0,0110
3767,92,208,1,0,0110
3768,108,47,1,0,0110
3769,116,144,1,0,0110
3770,116,207,1,0,0110
3771,116,175,1,0,0110
3772,100,207,1,0,0110
3773,92,175,1,0,0110
3774,132,207,1,0,0110
3775,116,175,1,0,0110
3776,92,111,1,0,0110
3777,84,80,1,0,0110
3778,100,143,1,0,0110
3779,92,80,1,0,0110
3780,92,79,1,0,0110
3781,92,80,1,0,0110
3782,84,239,1,0,0110
3783,76,111,1,0,0110
3784,76,143,1,0,0110
3785,92,143,1,0,0110
3786,108,15,1,0,0110
3787,108,80,1,0,0110
3788,116,111,1,0,0110
3789,108,48,1,0,0110
3790,92,175,1,0,0110
3791,76,144,1,0,0110
3792,68,79,1,0,0110
3793,84,144,1,0,0110
3794,108,47,1,0,0110
3795,108,80,1,0,0110
3796,100,239,1,0,0110
3797,92,111,1,0,0110
3798,84,175,1,0,0110
3799,92,111,1,0,0110
3800,92,143,1,0,0110
3801,92,15,1,0,0110
3802,92,175,1,0,0110
3803,100,47,1,0,0110
3804,100,15,1,0,0110
3805,84,176,1,0,0110
3806,84,111,1,0,0110
3807,92,112,1,0,0110
3808,92,111,1,0,0110
3809,92,48,1,0,0110
3810,92,47,1,0,0110
3811,92,80,1,0,0110
3812,84,175,1,0,0110
3813,84,112,1,0,0110
3814,76,207,1,0,0110
3815,84,112,1,0,0110
3816,92,175,1,0,0110
3817,84,144,1,0,0110
3818,76,175,1,0,0110
3819,84,80,1,0,0110
3820,84,79,1,0,0110
3821,68,112,1,0,0110
3822,68,207,1,0,0110
3823,84,207,1,0,0110
3824,100,143,1,0,0110
3825,100,143,1,0,0110
3826,100,143,1,0,0110
3827,108,111,1,0,0110
3828,108,239,1,0,0110
3829,100,175,1,0,0110
3830,68,15,1,0,0110
3831,76,176,1,0,0110
3832,100,207,1,0,0110
3833,92,207,1,0,0110
3834,84,239,1,0,0110
3835,84,239,1,0,0110
3836,84,15,1,0,0110
3837,84,16,1,0,0110
3838,92,240,1,0,0110
3839,100,207,1,0,0110
3840,108,111,1,0,0110
3841,100,176,1,0,0110
3842,84,79,1,0,0110
3843,92,176,1,0,0110
3844,92,79,1,0,0110
3845,92,48,1,0,0110
3846,92,176,1,0,0110
3847,92,176,1,0,0110
3848,108,111,1,0,0110
3849,124,48,1,0,0110
3850,148,79,1,0,0110
3851,148,48,1,0,0110
3852,108,175,1,0,0110
3853,92,240,1,0,0110
3854,92,175,1,0,0110
3855,100,240,1,0,0110
3856,92,143,1,0,0110
3857,92,240,1,0,0110
3858,92,111,1,0,0110
3859,100,176,1,0,0110
3860,116,143,1,0,0110
3861,108,80,1,0,0110
3862,84,47,1,0,0110
3863,92,112,1,0,0110
3864,116,239,1,0,0110
3865,108,79,1,0,0110
3866,100,79,1,0,0110
3867,100,144,1,0,0110
3868,108,143,1,0,0110
3869,116,176,1,0,0110
3870,140,143,1,0,0110
3871,132,208,1,0,0110
3872,92,111,1,0,0110
3873,84,176,1,0,0110
3874,92,47,1,0,0110
3875,92,144,1,0,0110
3876,100,47,1,0,0110
3877,100,112,1,0,0110
3878,100,15,1,0,0110
3879,100,112,1,0,0110
3880,100,207,1,0,0110
3881,108,240,1,0,0110
3882,116,175,1,0,0110
3883,116,240,1,0,0110
3884,116,79,1,0,0110
3885,108,176,1,0,0110
3886,108,15,1,0,0110
3887,92,240,1,0,0110
3888,84,239,1,0,0110
3889,92,47,1,0,0110
3890,100,112,1,0,0110
3891,108,208,1,0,0110
3892,108,79,1,0,0110
3893,116,208,1,0,0110
3894,116,79,1,0,0110
3895,116,16,1,0,0110
3896,100,80,1,0,0110
3897,100,80,1,0,0110
3898,100,176,1,0,0110
3899,100,16,1,0,0110
3900,116,80,1,0,0110
3901,124,48,1,0,0110
3902,124,16,1,0,0110
3903,124,208,1,0,0110
3904,132,47,1,0,0110
3905,124,144,1,0,0110
3906,100,79,1,0,0110
3907,92,208,1,0,0110
3908,100,79,1,0,0110
3909,116,208,1,0,0110
3910,132,143,1,0,0110
3911,116,208,1,0,0110
3912,84,143,1,0,0110
3913,84,48,1,0,0110
3914,108,48,1,0,0110
3915,132,176,1,0,0110
3916,132,175,1,0,0110
3917,124,175,1,0,0110
3918,116,15,1,0,0110
3919,108,16,1,0,0110
3920,108,48,1,0,0110
3921,108,80,1,0,0110
3922,100,80,1,0,0110
3923,92,240,1,0,0110
3924,84,111,1,0,0110
3925,84,240,1,0,0110
3926,92,79,1,0,0110
3927,100,144,1,0,0110
3928,116,79,1,0,0110
3929,124,176,1,0,0110
3930,124,15,1,0,0110
3931,116,16,1,0,0110
3932,116,208,1,0,0110
3933,116,239,1,0,0110
3934,108,47,1,0,0110
3935,116,176,1,0,0110
3936,132,15,1,0,0110
3937,148,113,1,0,0110
3938,156,175,1,0,0110
3939,172,240,1,0,0110
3940,188,143,1,0,0110
3941,188,111,1,0,0110
3942,188,207,1,0,0110
3943,180,175,1,0,0110
3944,164,239,1,0,0110
3945,164,175,1,0,0110
3946,164,15,1,0,0110
3947,164,208,1,0,0110
3948,164,143,1,0,0110
3949,156,48,1,0,0110
3950,140,208,1,0,0110
3951,140,176,1,0,0110
3952,148,143,1,0,0110
3953,164,16,1,0,0110
3954,164,80,1,0,0110
3955,156,16,1,0,0110
3956,140,16,1,0,0110
3957,148,48,1,0,0110
3958,164,16,1,0,0110
3959,172,240,1,0,0110
3960,164,47,1,0,0110
3961,172,240,1,0,0110
3962,172,79,1,0,0110
3963,172,48,1,0,0110
3964,156,144,1,0,0110
3965,164,176,1,0,0110
3966,172,239,1,0,0110
3967,172,176,1,0,0110
3968,164,143,1,0,0110
3969,164,176,1,0,0110
3970,164,111,1,0,0110
3971,164,208,1,0,0110
3972,172,175,1,0,0110
3973,164,240,1,0,0110
3974,164,79,1,0,0110
3975,164,240,1,0,0110
3976,156,15,1,0,0110
3977,164,240,1,0,0110
3978,172,239,1,0,0110
3979,172,207,1,0,0110
3980,164,175,1,0,0110
3981,172,175,1,0,0110
3982,180,143,1,0,0110
3983,188,143,1,0,0110
3984,196,15,1,0,0110
3985,188,240,1,0,0110
3986,164,79,1,0,0110
3987,164,240,1,0,0110
3988,164,111,1,0,0110
3989,164,240,1,0,0110
3990,180,143,1,0,0110
3991,172,240,1,0,0110
3992,156,175,1,0,0110
3993,156,80,1,0,0110
3994,164,208,1,0,0110
3995,172,80,1,0,0110
3996,172,144,1,0,0110
3997,164,176,1,0,0110
3998,172,143,1,0,0110
3999,164,208,1,0,0110
4000,156,239,1,0,0110
4001,156,16,1,0,0110
4002,164,176,1,0,0110
4003,164,240,1,0,0110
4004,156,47,1,0,0110
4005,156,16,1,0,0110
4006,156,240,1,0,0110
4007,148,207,1,0,0110
4008,148,239,1,0,0110
4009,148,111,1,0,0110
4010,156,239,1,0,0110
4011,156,175,1,0,0110
4012,156,15,1,0,0110
4013,164,80,1,0,0110
4014,180,79,1,0,0110
4015,172,208,1,0,0110
4016,132,207,1,0,0110
4017,148,15,1,0,0110
4018,164,208,1,0,0110
4019,164,175,1,0,0110
4020,164,47,1,0,0110
4021,148,176,1,0,0110
4022,132,79,1,0,0110
4023,132,240,1,0,0110
4024,148,47,1,0,0110
4025,132,176,1,0,0110
4026,124,79,1,0,0110
4027,124,208,1,0,0110
4028,132,143,1,0,0110
4029,124,239,1,0,0110
4030,108,175,1,0,0110
4031,116,47,1,0,0110
4032,124,240,1,0,0110
4033,124,15,1,0,0110
4034,124,176,1,0,0110
4035,116,175,1,0,0110
4036,100,143,1,0,0110
4037,108,175,1,0,0110
4038,108,207,1,0,0110
4039,108,207,1,0,0110
4040,108,239,1,0,0110
4041,108,207,1,0,0110
4042,108,79,1,0,0110
4043,100,176,1,0,0110
4044,92,47,1,0,0110
4045,92,112,1,0,0110
4046,84,15,1,0,0110
4047,76,144,1,0,0110
4048,76,239,1,0,0110
4049,68,79,1,0,0110
4050,60,47,1,0,0110
4051,60,240,1,0,0110
4052,68,47,1,0,0110
4053,68,240,1,0,0110
4054,68,79,1,0,0110
4055,60,16,1,0,0110
4056,52,80,1,0,0110
4057,44,144,1,0,0110
4058,44,208,1,0,0110
4059,36,79,1,0,0110
4060,36,80,1,0,0110
4061,36,16,1,0,0110
4062,36,80,1,0,0110
4063,28,208,1,0,0110
4064,28,47,1,0,0110
4065,28,16,1,0,0110
4066,12,16,1,0,0110
4067,12,48,1,0,0110
4068,12,48,1,0,0110
4069,4,112,1,0,0110
4070,252,240,1,0,0110
4071,251,239,1,0,0110
4072,3,207,1,0,0110
4073,12,15,1,0,0110
4074,4,208,1,0,0110
4075,4,47,1,0,0110
4076,4,48,1,0,0110
4077,4,16,1,0,0110
4078,244,240,1,0,0110
4079,243,15,1,0,0110
4080,251,208,1,0,0110
4081,235,239,1,0,0110
4082,219,175,1,0,0110
4083,235,15,1,0,0110
4084,251,176,1,0,0110
4085,227,239,1,0,0110
4086,219,47,1,0,0110
4087,211,48,1,0,0110
4088,219,80,1,0,0110
4089,219,48,1,0,0110
4090,211,80,1,0,0110
4091,203,208,1,0,0110
4092,203,79,1,0,0110
4093,203,208,1,0,0110
4094,187,79,1,0,0110
4095,195,16,1,0,0000
